OriginalMessageId,TxSts,RejectionReason,StatusTimestamp
MSG-20251115-F7CA0B72,ACSP,,2025-01-21T09:01:43
MSG-20251115-D3B721A5,ACSP,,2025-01-19T14:02:16
MSG-20251115-E241BD90,ACSP,,2025-01-23T13:47:56
MSG-20251115-2D3FBE09,ACSP,,2025-01-25T15:11:00
MSG-20251115-13DF659B,ACSP,,2025-01-04T09:25:58
MSG-20251115-74F6506B,ACSP,,2025-01-24T14:36:41
MSG-20251115-B14D5FA0,ACSP,,2025-01-23T09:03:20
MSG-20251115-77932AE3,ACSP,,2025-01-28T09:26:05
MSG-20251115-FF7167E1,ACSP,,2025-01-12T16:45:56
MSG-20251115-F7AF558F,ACSP,,2025-01-15T14:18:39
MSG-20251115-10847BA7,ACSP,,2025-01-27T09:55:03
MSG-20251115-B90AA1A7,ACSP,,2025-01-21T14:27:17
MSG-20251115-ECE3A4BD,ACSP,,2025-01-24T10:29:20
MSG-20251115-0DBA2983,ACSP,,2025-01-25T09:58:54
MSG-20251115-719F9BAA,ACSP,,2025-01-20T09:26:18
MSG-20251115-2439151D,ACSP,,2025-01-22T10:51:24
MSG-20251115-90C250F9,ACSP,,2025-01-01T13:59:51
MSG-20251115-BD5FFBF4,ACSP,,2025-01-27T13:34:49
MSG-20251115-C6741792,ACSP,,2025-01-20T11:33:31
MSG-20251115-EF5BFADA,ACSP,,2025-01-08T10:05:25
MSG-20251115-685A1DB2,ACSP,,2025-01-18T16:18:20
MSG-20251115-29DCF94C,ACSP,,2025-01-22T13:25:48
MSG-20251115-9E633438,ACSP,,2025-01-11T09:40:28
MSG-20251115-C120CDFD,ACSP,,2025-01-08T09:02:18
MSG-20251115-C5BEA117,ACSP,,2025-01-18T16:49:25
MSG-20251115-EFA654D7,ACSP,,2025-01-04T09:45:17
MSG-20251115-1212D58A,ACSP,,2025-01-02T14:49:48
MSG-20251115-B855B94A,ACSP,,2025-01-14T16:19:10
MSG-20251115-2DDAF6CF,ACSP,,2025-01-02T13:37:11
MSG-20251115-2905ED30,ACSP,,2025-01-16T14:14:47
MSG-20251115-A4BA7C15,ACSP,,2025-01-30T15:53:55
MSG-20251115-C3A9A0B7,ACSP,,2025-01-07T11:15:05
MSG-20251115-B1E14313,ACSP,,2025-01-19T14:34:35
MSG-20251115-5FDFCF20,ACSP,,2025-01-03T10:04:44
MSG-20251115-3D3CDDF0,ACSP,,2025-01-20T09:28:50
MSG-20251115-A227E454,ACSP,,2025-01-08T11:27:20
MSG-20251115-9222C237,ACSP,,2025-01-15T10:38:43
MSG-20251115-0EFD0F49,ACSP,,2025-01-30T11:04:47
MSG-20251115-879516F5,ACSP,,2025-01-22T15:37:58
MSG-20251115-12685E75,ACSP,,2025-01-29T09:51:00
MSG-20251115-DE240526,ACSP,,2025-01-07T13:43:33
MSG-20251115-374B14E6,ACSP,,2025-01-21T14:56:56
MSG-20251115-101468A7,ACSP,,2025-01-06T13:30:21
MSG-20251115-D4CA7F4A,RJCT,AM04,2025-01-18T09:56:59
MSG-20251115-0B14E5E9,ACSP,,2025-01-12T15:58:49
MSG-20251115-595BB687,ACSP,,2025-01-25T10:59:45
MSG-20251115-F96273C2,ACSP,,2025-01-29T14:01:49
MSG-20251115-A31DE830,ACSP,,2025-01-09T16:54:01
MSG-20251115-358F6794,ACSP,,2025-01-07T15:31:31
MSG-20251115-A225E1A2,RJCT,AM05,2025-01-22T16:27:20
MSG-20251115-1A411CFF,ACSP,,2025-01-22T15:36:54
MSG-20251115-4961F1F3,ACSP,,2025-01-02T09:40:54
MSG-20251115-675002C3,RJCT,AG01,2025-01-13T10:13:01
MSG-20251115-1FDE947A,ACSP,,2025-01-12T14:04:51
MSG-20251115-83E9F909,ACSP,,2025-01-24T11:34:47
MSG-20251115-0C945BF2,ACSP,,2025-01-07T14:45:31
MSG-20251115-45C092B0,ACSP,,2025-01-10T11:14:38
MSG-20251115-7893F10B,ACSP,,2025-01-26T15:50:27
MSG-20251115-7B8D942E,ACSP,,2025-01-27T15:16:12
MSG-20251115-199CD52A,ACSP,,2025-01-02T16:32:28
MSG-20251115-541B4178,ACSP,,2025-01-16T14:16:42
MSG-20251115-5A4D648D,RJCT,AM04,2025-01-08T16:55:07
MSG-20251115-EAFC3B45,ACSP,,2025-01-15T16:55:01
MSG-20251115-6DF578CC,ACSP,,2025-01-27T10:30:27
MSG-20251115-62E8A307,ACSP,,2025-01-25T15:35:55
MSG-20251115-5C196D8F,ACSP,,2025-01-09T11:21:57
MSG-20251115-F92AB07E,ACSP,,2025-01-23T16:04:33
MSG-20251115-49B7F2D6,ACSP,,2025-01-07T15:28:45
MSG-20251115-55F2C91D,ACSP,,2025-01-12T11:51:29
MSG-20251115-7C2B9320,ACSP,,2025-01-08T11:30:01
MSG-20251115-7D8560AB,ACSP,,2025-01-27T14:08:44
MSG-20251115-C460F09A,ACSP,,2025-01-21T14:09:16
MSG-20251115-E2D58BA3,ACSP,,2025-01-15T11:23:11
MSG-20251115-31D75DA2,ACSP,,2025-01-16T09:51:20
MSG-20251115-E47D9D55,ACSP,,2025-01-25T13:02:48
MSG-20251115-60A6A9CC,ACSP,,2025-01-05T14:45:48
MSG-20251115-55FC42DD,ACSP,,2025-01-20T10:51:08
MSG-20251115-71507700,ACSP,,2025-01-19T09:21:24
MSG-20251115-C2F54AE2,RJCT,AC01,2025-01-19T13:56:44
MSG-20251115-0E044139,ACSP,,2025-01-26T10:53:27
MSG-20251115-8F36C34C,ACSP,,2025-01-17T13:23:33
MSG-20251115-D883BB36,ACSP,,2025-01-21T15:31:43
MSG-20251115-5793A6D9,ACSP,,2025-01-15T14:56:39
MSG-20251115-3A48E5EC,ACSP,,2025-01-29T14:16:43
MSG-20251115-13B0ABD0,ACSP,,2025-01-16T16:24:19
MSG-20251115-798CD71F,ACSP,,2025-01-17T16:06:03
MSG-20251115-B96E4CBC,ACSP,,2025-01-21T13:33:39
MSG-20251115-2650EEA8,ACSP,,2025-01-10T13:40:02
MSG-20251115-F649CD18,ACSP,,2025-01-12T13:31:03
MSG-20251115-AA4F8DFC,ACSP,,2025-01-04T13:36:49
MSG-20251115-C58EA8F3,ACSP,,2025-01-24T10:52:06
MSG-20251115-DBCFB872,ACSP,,2025-01-12T16:20:53
MSG-20251115-E2FF1161,ACSP,,2025-01-23T16:43:41
MSG-20251115-56C3188A,ACSP,,2025-01-15T11:12:37
MSG-20251115-F2C2A077,ACSP,,2025-01-13T14:05:13
MSG-20251115-F6C43C58,ACSP,,2025-01-08T09:38:14
MSG-20251115-3110FECD,RJCT,AG01,2025-01-10T15:40:23
MSG-20251115-1AA6C203,ACSP,,2025-01-21T16:18:19
MSG-20251115-60894712,ACSP,,2025-01-01T14:31:03
MSG-20251115-0DC454C6,ACSP,,2025-01-23T15:31:02
MSG-20251115-BFF40BF5,ACSP,,2025-01-18T16:44:24
MSG-20251115-DC57577A,ACSP,,2025-01-26T11:40:43
MSG-20251115-9DA80638,ACSP,,2025-01-09T10:37:02
MSG-20251115-7E4E0B8A,ACSP,,2025-01-20T11:02:05
MSG-20251115-467EB774,ACSP,,2025-01-25T15:12:08
MSG-20251115-50DB105F,ACSP,,2025-01-21T15:33:48
MSG-20251115-3D8BC969,ACSP,,2025-01-28T16:22:46
MSG-20251115-6E3FCB7D,ACSP,,2025-01-03T11:17:33
MSG-20251115-4A318607,ACSP,,2025-01-14T09:13:07
MSG-20251115-B957A399,ACSP,,2025-01-25T09:14:04
MSG-20251115-B5804948,ACSP,,2025-01-04T09:43:16
MSG-20251115-9FD7996B,ACSP,,2025-01-18T14:06:41
MSG-20251115-168E77D4,ACSP,,2025-01-30T13:20:02
MSG-20251115-00ED33E4,RJCT,AM04,2025-01-15T10:10:06
MSG-20251115-5CB35A5C,RJCT,FF01,2025-01-25T15:58:23
MSG-20251115-CDC1A2CA,ACSP,,2025-01-24T11:57:30
MSG-20251115-D7B293D6,ACSP,,2025-01-12T11:37:58
MSG-20251115-B8683FDC,ACSP,,2025-01-19T14:15:57
MSG-20251115-A974CE1C,ACSP,,2025-01-22T15:56:09
MSG-20251115-75563FAE,ACSP,,2025-01-28T09:59:48
MSG-20251115-D057749B,ACSP,,2025-01-14T15:44:55
MSG-20251115-15ADB288,ACSP,,2025-01-21T09:58:13
MSG-20251115-052320AC,ACSP,,2025-01-20T09:16:19
MSG-20251115-753EE560,ACSP,,2025-01-25T13:48:23
MSG-20251115-D46702F8,ACSP,,2025-01-11T15:04:02
MSG-20251115-304DDC2F,ACSP,,2025-01-19T13:54:07
MSG-20251115-D5EA1A86,ACSP,,2025-01-16T10:10:00
MSG-20251115-19C9EB91,ACSP,,2025-01-29T15:31:55
MSG-20251115-3F068176,RJCT,AG01,2025-01-21T14:47:20
MSG-20251115-072F9DDB,ACSP,,2025-01-04T16:26:05
MSG-20251115-570C81BA,ACSP,,2025-01-27T13:27:04
MSG-20251115-B864FCB7,ACSP,,2025-01-27T11:53:14
MSG-20251115-A698D097,ACSP,,2025-01-21T09:43:03
MSG-20251115-2F05A9B3,ACSP,,2025-01-24T16:06:14
MSG-20251115-BE46A7B1,ACSP,,2025-01-26T10:59:59
MSG-20251115-30BA0371,RJCT,RC01,2025-01-30T15:33:10
MSG-20251115-A3FDD2EF,ACSP,,2025-01-25T16:58:52
MSG-20251115-D5FF3697,ACSP,,2025-01-01T11:36:47
MSG-20251115-1E70D954,ACSP,,2025-01-27T13:25:33
MSG-20251115-BFB7E738,ACSP,,2025-01-21T09:43:42
MSG-20251115-CAB7D330,ACSP,,2025-01-02T11:33:48
MSG-20251115-541161C0,ACSP,,2025-01-15T11:45:54
MSG-20251115-57FA34B8,ACSP,,2025-01-21T09:57:03
MSG-20251115-8D0B5752,ACSP,,2025-01-07T14:30:37
MSG-20251115-31A6743F,ACSP,,2025-01-02T14:19:09
MSG-20251115-FC94D39E,ACSP,,2025-01-21T13:41:00
MSG-20251115-C4C006ED,ACSP,,2025-01-03T15:52:28
MSG-20251115-592C8C93,ACSP,,2025-01-25T16:54:02
MSG-20251115-69D03A04,ACSP,,2025-01-26T16:07:41
MSG-20251115-C13A3D5E,ACSP,,2025-01-01T16:18:14
MSG-20251115-E14142D3,ACSP,,2025-01-16T14:53:15
MSG-20251115-77F6810F,ACSP,,2025-01-24T15:59:23
MSG-20251115-6678ACE7,ACSP,,2025-01-16T15:27:30
MSG-20251115-E4F84EE2,ACSP,,2025-01-11T10:10:13
MSG-20251115-801E4CBB,ACSP,,2025-01-20T10:20:18
MSG-20251115-17033F7C,ACSP,,2025-01-14T14:15:53
MSG-20251115-17682CC9,ACSP,,2025-01-11T14:21:34
MSG-20251115-F138BB0B,ACSP,,2025-01-03T15:06:08
MSG-20251115-CF0FF437,ACSP,,2025-01-18T09:40:04
MSG-20251115-A6FB8AE7,ACSP,,2025-01-28T13:51:29
MSG-20251115-983E0DCC,ACSP,,2025-01-19T10:14:37
MSG-20251115-DDB8F625,ACSP,,2025-01-04T15:19:17
MSG-20251115-E50A42A5,ACSP,,2025-01-01T16:18:45
MSG-20251115-C700216A,ACSP,,2025-01-28T16:38:58
MSG-20251115-72E6A195,ACSP,,2025-01-24T10:14:55
MSG-20251115-D8E48C41,ACSP,,2025-01-24T11:53:07
MSG-20251115-8EE34CE0,ACSP,,2025-01-22T09:18:54
MSG-20251115-5C00D8E9,ACSP,,2025-01-07T15:35:07
MSG-20251115-CF192435,ACSP,,2025-01-02T16:27:17
MSG-20251115-C8130433,ACSP,,2025-01-25T11:20:04
MSG-20251115-F004CC95,RJCT,AC01,2025-01-05T14:36:26
MSG-20251115-99F2DEE3,ACSP,,2025-01-13T15:50:56
MSG-20251115-0AA4F8CF,ACSP,,2025-01-19T14:48:28
MSG-20251115-365E554B,ACSP,,2025-01-06T15:42:13
MSG-20251115-B9059B58,ACSP,,2025-01-14T10:27:23
MSG-20251115-A9173D7A,ACSP,,2025-01-11T15:11:31
MSG-20251115-F63BEBB5,ACSP,,2025-01-29T15:24:01
MSG-20251115-48B8B50E,ACSP,,2025-01-06T10:10:45
MSG-20251115-81D28D28,ACSP,,2025-01-25T10:52:08
MSG-20251115-71251EC2,ACSP,,2025-01-28T13:21:42
MSG-20251115-E4780381,ACSP,,2025-01-19T09:24:19
MSG-20251115-654C1B76,ACSP,,2025-01-12T15:19:42
MSG-20251115-3222F71F,ACSP,,2025-01-19T10:54:23
MSG-20251115-59F9EAD6,ACSP,,2025-01-20T14:34:26
MSG-20251115-CE6EC96B,ACSP,,2025-01-17T13:11:57
MSG-20251115-A9F23C89,ACSP,,2025-01-12T11:19:28
MSG-20251115-3853FD6E,ACSP,,2025-01-03T11:06:37
MSG-20251115-7853EE60,ACSP,,2025-01-03T10:45:32
MSG-20251115-194B33FF,ACSP,,2025-01-20T13:05:48
MSG-20251115-0EE52CBC,ACSP,,2025-01-22T13:56:52
MSG-20251115-71F2A4FB,ACSP,,2025-01-01T11:21:06
MSG-20251115-08FF7FAA,ACSP,,2025-01-08T16:10:42
MSG-20251115-6860EC8F,ACSP,,2025-01-22T12:00:03
MSG-20251115-E8F71F74,ACSP,,2025-01-27T13:52:55
MSG-20251115-F45AEABB,ACSP,,2025-01-22T13:16:29
MSG-20251115-50353982,ACSP,,2025-01-10T15:53:47
MSG-20251115-DF5278F7,ACSP,,2025-01-25T11:53:13
MSG-20251115-E19E5112,ACSP,,2025-01-28T11:03:45
MSG-20251115-53DA1915,ACSP,,2025-01-10T09:52:12
MSG-20251115-5630647A,RJCT,AC01,2025-01-03T16:56:02
MSG-20251115-74A67E94,ACSP,,2025-01-17T11:16:25
MSG-20251115-907DF129,ACSP,,2025-01-27T13:44:25
MSG-20251115-B2ED36E7,ACSP,,2025-01-25T13:32:14
MSG-20251115-BD35A78A,ACSP,,2025-01-27T16:37:35
MSG-20251115-9C4AAE7E,ACSP,,2025-01-10T09:03:23
MSG-20251115-F6A0E372,ACSP,,2025-01-04T15:34:19
MSG-20251115-C0CC63C1,ACSP,,2025-01-10T14:00:09
MSG-20251115-7FAD8A95,ACSP,,2025-01-17T11:04:47
MSG-20251115-C878DDA1,RJCT,AC01,2025-01-28T14:03:12
MSG-20251115-C75D0793,ACSP,,2025-01-26T09:23:33
MSG-20251115-728FFC95,ACSP,,2025-01-12T10:23:13
MSG-20251115-1EDF2257,ACSP,,2025-01-21T16:55:39
MSG-20251115-15CAFB43,ACSP,,2025-01-07T09:54:18
MSG-20251115-5F40C8D2,ACSP,,2025-01-09T09:51:31
MSG-20251115-B0CD3A45,RJCT,AC01,2025-01-09T09:54:37
MSG-20251115-B0D6A07E,ACSP,,2025-01-06T14:47:28
MSG-20251115-2E35E734,ACSP,,2025-01-03T14:41:21
MSG-20251115-8844D594,ACSP,,2025-01-22T11:21:10
MSG-20251115-49D9CDAF,ACSP,,2025-01-02T13:59:38
MSG-20251115-43B3C66E,ACSP,,2025-01-22T13:27:57
MSG-20251115-AC03908B,ACSP,,2025-01-28T10:46:32
MSG-20251115-3C4A7C12,ACSP,,2025-01-13T10:02:24
MSG-20251115-32F245A8,ACSP,,2025-01-25T09:39:21
MSG-20251115-8FF6DF1F,ACSP,,2025-01-04T09:50:15
MSG-20251115-9D23AC69,ACSP,,2025-01-25T11:48:20
MSG-20251115-E05BADBC,ACSP,,2025-01-04T16:58:24
MSG-20251115-D21F808A,ACSP,,2025-01-26T13:57:52
MSG-20251115-3EF549CD,ACSP,,2025-01-23T13:47:52
MSG-20251115-12C87D79,ACSP,,2025-01-26T16:16:11
MSG-20251115-6F34CA9C,ACSP,,2025-01-26T10:09:11
MSG-20251115-7761781C,ACSP,,2025-01-25T14:56:23
MSG-20251115-A5BFDBF7,ACSP,,2025-01-15T13:35:27
MSG-20251115-846F92CA,ACSP,,2025-01-14T10:59:34
MSG-20251115-D04D8869,ACSP,,2025-01-11T13:15:28
MSG-20251115-2B0BBDE0,ACSP,,2025-01-21T10:18:52
MSG-20251115-F650D6EE,ACSP,,2025-01-06T13:42:40
MSG-20251115-6E77B170,ACSP,,2025-01-03T09:43:50
MSG-20251115-E8D3692A,ACSP,,2025-01-20T13:02:21
MSG-20251115-A56C4006,ACSP,,2025-01-26T15:46:46
MSG-20251115-2BBCFD77,ACSP,,2025-01-15T14:33:08
MSG-20251115-2655CA02,ACSP,,2025-01-24T15:23:35
MSG-20251115-0C09C1E8,RJCT,AM04,2025-01-15T09:18:29
MSG-20251115-D617E895,ACSP,,2025-01-28T10:28:36
MSG-20251115-69C1CBEB,ACSP,,2025-01-16T10:31:56
MSG-20251115-A37406E2,ACSP,,2025-01-08T16:39:59
MSG-20251115-795898C9,ACSP,,2025-01-18T09:58:07
MSG-20251115-5C158D9E,ACSP,,2025-01-12T09:27:26
MSG-20251115-FFA9AA62,ACSP,,2025-01-13T10:30:58
MSG-20251115-70FC0FA1,ACSP,,2025-01-13T11:54:33
MSG-20251115-C861C78F,ACSP,,2025-01-17T09:03:14
MSG-20251115-5A5111A4,ACSP,,2025-01-05T10:35:26
MSG-20251115-1083B354,ACSP,,2025-01-20T13:57:50
MSG-20251115-84031193,ACSP,,2025-01-16T15:01:10
MSG-20251115-FB7C8039,ACSP,,2025-01-26T13:59:42
MSG-20251115-194A001D,ACSP,,2025-01-19T14:11:57
MSG-20251115-640FC9F9,ACSP,,2025-01-19T13:07:46
MSG-20251115-90933274,ACSP,,2025-01-23T16:28:12
MSG-20251115-1CF42E41,ACSP,,2025-01-17T16:38:19
MSG-20251115-4C222DCA,ACSP,,2025-01-30T10:23:34
MSG-20251115-1AD54829,ACSP,,2025-01-20T14:13:14
MSG-20251115-EB58E790,ACSP,,2025-01-23T16:47:11
MSG-20251115-2905A5A0,ACSP,,2025-01-04T10:46:29
MSG-20251115-63BFCA30,ACSP,,2025-01-25T15:10:08
MSG-20251115-E6CC9BBB,ACSP,,2025-01-30T14:45:04
MSG-20251115-932121EC,ACSP,,2025-01-05T09:42:04
MSG-20251115-8B6FB634,ACSP,,2025-01-02T09:28:31
MSG-20251115-D12D9F31,ACSP,,2025-01-18T16:27:56
MSG-20251115-693D5B52,ACSP,,2025-01-10T13:04:14
MSG-20251115-9E82124E,ACSP,,2025-01-14T15:12:13
MSG-20251115-FCD6065F,ACSP,,2025-01-29T09:00:48
MSG-20251115-23210C94,ACSP,,2025-01-21T10:35:50
MSG-20251115-F017405A,ACSP,,2025-01-26T09:22:53
MSG-20251115-DBDAE797,ACSP,,2025-01-24T11:54:11
MSG-20251115-CA0108CC,ACSP,,2025-01-17T11:06:05
MSG-20251115-9B0622E9,ACSP,,2025-01-30T16:00:41
MSG-20251115-9FE8967C,ACSP,,2025-01-10T10:49:31
MSG-20251115-37D857DB,RJCT,AC01,2025-01-22T09:32:05
MSG-20251115-45A11B3E,ACSP,,2025-01-21T11:25:17
MSG-20251115-4E40AFF0,ACSP,,2025-01-15T13:41:26
MSG-20251115-52B4BE5B,ACSP,,2025-01-25T16:46:43
MSG-20251115-57AE99E6,ACSP,,2025-01-30T10:07:57
MSG-20251115-6BF0C080,ACSP,,2025-01-11T15:35:40
MSG-20251115-4B38AB72,ACSP,,2025-01-03T10:30:25
MSG-20251115-F49CC2F9,ACSP,,2025-01-18T14:46:12
MSG-20251115-7E95521B,ACSP,,2025-01-19T09:03:21
MSG-20251115-0D0771FD,ACSP,,2025-01-02T11:28:06
MSG-20251115-492EDF08,ACSP,,2025-01-15T15:25:50
MSG-20251115-5DD26BE6,ACSP,,2025-01-21T15:23:54
MSG-20251115-F4D4DFE0,ACSP,,2025-01-27T09:51:39
MSG-20251115-AAF099BF,ACSP,,2025-01-27T16:17:13
MSG-20251115-4659426F,ACSP,,2025-01-26T13:28:45
MSG-20251115-D62A932D,ACSP,,2025-01-15T10:45:57
MSG-20251115-0EACFC1F,ACSP,,2025-01-08T10:15:00
MSG-20251115-70E7A154,ACSP,,2025-01-19T10:52:49
MSG-20251115-14633B02,ACSP,,2025-01-10T11:04:10
MSG-20251115-5EEFE7BB,ACSP,,2025-01-02T11:44:05
MSG-20251115-7B4CA6F6,ACSP,,2025-01-14T16:20:43
MSG-20251115-8EA0EF64,ACSP,,2025-01-10T15:48:20
MSG-20251115-A3684245,ACSP,,2025-01-13T16:17:40
MSG-20251115-6D47CB15,ACSP,,2025-01-03T10:49:41
MSG-20251115-99E2B63E,ACSP,,2025-01-07T15:52:07
MSG-20251115-1FDEEC17,ACSP,,2025-01-30T09:14:31
MSG-20251115-24D67DF8,RJCT,AG01,2025-01-13T16:37:51
MSG-20251115-0CDD69BD,ACSP,,2025-01-09T11:35:20
MSG-20251115-0967A6B2,ACSP,,2025-01-30T16:25:21
MSG-20251115-8FB7C2F2,ACSP,,2025-01-01T11:37:55
MSG-20251115-E3E6C0DF,ACSP,,2025-01-13T10:57:04
MSG-20251115-512F4A92,ACSP,,2025-01-25T15:33:37
MSG-20251115-6FCA2118,ACSP,,2025-01-05T13:37:24
MSG-20251115-4B790A8E,ACSP,,2025-01-27T13:03:25
MSG-20251115-F054CBED,ACSP,,2025-01-23T16:00:55
MSG-20251115-D00EE300,ACSP,,2025-01-01T09:36:35
MSG-20251115-E766BBC4,ACSP,,2025-01-01T10:55:47
MSG-20251115-1131EF3F,ACSP,,2025-01-17T16:16:30
MSG-20251115-7459FF51,ACSP,,2025-01-03T11:27:45
MSG-20251115-654129AE,ACSP,,2025-01-21T15:44:34
MSG-20251115-400D903A,ACSP,,2025-01-21T09:48:15
MSG-20251115-18C4625D,ACSP,,2025-01-29T10:03:06
MSG-20251115-BF75B9AD,ACSP,,2025-01-30T09:46:47
MSG-20251115-58F69AA6,ACSP,,2025-01-01T16:40:16
MSG-20251115-948BE37A,ACSP,,2025-01-19T15:58:13
MSG-20251115-4AD5D706,ACSP,,2025-01-17T13:23:50
MSG-20251115-6A37E0AE,ACSP,,2025-01-20T15:42:13
MSG-20251115-338D885E,ACSP,,2025-01-26T14:33:31
MSG-20251115-1C7303A6,ACSP,,2025-01-22T10:45:20
MSG-20251115-4A451701,ACSP,,2025-01-23T09:05:44
MSG-20251115-11BBF26F,ACSP,,2025-01-11T11:07:30
MSG-20251115-C857E948,ACSP,,2025-01-04T16:06:08
MSG-20251115-F06C0B12,ACSP,,2025-01-01T09:24:21
MSG-20251115-671897D7,ACSP,,2025-01-01T11:28:28
MSG-20251115-B4ACA8F8,ACSP,,2025-01-22T14:11:37
MSG-20251115-D68CEEE0,ACSP,,2025-01-06T14:19:09
MSG-20251115-5F3FC406,ACSP,,2025-01-08T13:42:47
MSG-20251115-8F0752E7,ACSP,,2025-01-13T11:57:36
MSG-20251115-18B21FA0,ACSP,,2025-01-14T15:56:16
MSG-20251115-42F5B569,ACSP,,2025-01-11T16:27:23
MSG-20251115-C12BC80F,ACSP,,2025-01-11T14:19:21
MSG-20251115-A19B5407,ACSP,,2025-01-22T15:37:38
MSG-20251115-546FB77C,ACSP,,2025-01-27T13:04:48
MSG-20251115-A40BA070,ACSP,,2025-01-22T16:49:03
MSG-20251115-3552739E,ACSP,,2025-01-18T10:59:37
MSG-20251115-A084F80B,ACSP,,2025-01-04T15:17:06
MSG-20251115-FB692201,ACSP,,2025-01-25T11:54:34
MSG-20251115-D1AFC536,ACSP,,2025-01-15T11:27:00
MSG-20251115-28940A9F,ACSP,,2025-01-10T14:06:07
MSG-20251115-46AB9FBC,ACSP,,2025-01-17T14:24:03
MSG-20251115-6C89A7D5,ACSP,,2025-01-03T11:03:17
MSG-20251115-D5804A66,ACSP,,2025-01-30T13:16:42
MSG-20251115-8FCFDAD8,RJCT,AC01,2025-01-08T15:27:47
MSG-20251115-FC84468D,ACSP,,2025-01-01T13:41:57
MSG-20251115-1437A258,ACSP,,2025-01-07T11:51:28
MSG-20251115-FDF8DA9E,ACSP,,2025-01-11T16:31:20
MSG-20251115-7E55D213,ACSP,,2025-01-20T14:41:55
MSG-20251115-BEB4520A,ACSP,,2025-01-27T13:48:14
MSG-20251115-CE002A22,ACSP,,2025-01-10T09:12:34
MSG-20251115-2A68EDCC,ACSP,,2025-01-14T16:33:17
MSG-20251115-2B7E0C39,ACSP,,2025-01-16T11:09:44
MSG-20251115-BDC70773,ACSP,,2025-01-01T14:09:20
MSG-20251115-D812859D,ACSP,,2025-01-14T13:57:33
MSG-20251115-7510509B,ACSP,,2025-01-10T09:18:49
MSG-20251115-DA77C555,ACSP,,2025-01-18T10:07:46
MSG-20251115-FDFE7621,ACSP,,2025-01-25T13:30:24
MSG-20251115-31662F2C,ACSP,,2025-01-28T09:30:50
MSG-20251115-41D5E465,ACSP,,2025-01-25T15:16:11
MSG-20251115-7CC0F351,ACSP,,2025-01-26T16:55:44
MSG-20251115-68877022,ACSP,,2025-01-11T13:20:06
MSG-20251115-7431736C,ACSP,,2025-01-30T09:18:56
MSG-20251115-021CCFBE,ACSP,,2025-01-23T11:56:38
MSG-20251115-BE62EBD3,ACSP,,2025-01-13T14:05:10
MSG-20251115-BE9CFF17,ACSP,,2025-01-15T14:22:32
MSG-20251115-72FC3166,ACSP,,2025-01-21T13:47:43
MSG-20251115-1E214F5D,ACSP,,2025-01-27T16:33:58
MSG-20251115-14CD4662,ACSP,,2025-01-19T15:33:19
MSG-20251115-74862ABF,ACSP,,2025-01-04T15:10:57
MSG-20251115-45DA25A9,ACSP,,2025-01-29T13:20:56
MSG-20251115-C3B85638,RJCT,AM04,2025-01-12T13:44:20
MSG-20251115-136F3D50,ACSP,,2025-01-21T09:48:03
MSG-20251115-B1AAEFDC,ACSP,,2025-01-17T13:30:24
MSG-20251115-F8307FF9,ACSP,,2025-01-23T16:32:42
MSG-20251115-DF2D7468,ACSP,,2025-01-11T11:20:26
MSG-20251115-C1B597C2,ACSP,,2025-01-03T10:38:32
MSG-20251115-F14253E6,ACSP,,2025-01-30T14:42:20
MSG-20251115-0DFBED82,ACSP,,2025-01-25T09:40:29
MSG-20251115-8C56BA72,ACSP,,2025-01-08T11:44:13
MSG-20251115-30DA73E7,ACSP,,2025-01-28T15:45:07
MSG-20251115-F33C7270,ACSP,,2025-01-10T13:03:51
MSG-20251115-2147E70D,ACSP,,2025-01-17T09:24:53
MSG-20251115-170D6D31,ACSP,,2025-01-18T13:12:05
MSG-20251115-DADD03A5,RJCT,AC01,2025-01-07T09:04:12
MSG-20251115-01B78EC6,RJCT,RC01,2025-01-23T14:05:55
MSG-20251115-1E151256,ACSP,,2025-01-10T09:35:13
MSG-20251115-4E5997D4,ACSP,,2025-01-23T14:50:03
MSG-20251115-53CF7E62,ACSP,,2025-01-20T10:03:48
MSG-20251115-09717BF7,ACSP,,2025-01-06T14:23:47
MSG-20251115-EECF3718,ACSP,,2025-01-05T13:53:22
MSG-20251115-FC3D00E1,ACSP,,2025-01-09T10:04:25
MSG-20251115-946988D1,ACSP,,2025-01-16T15:38:47
MSG-20251115-78401754,ACSP,,2025-01-08T13:34:47
MSG-20251115-CE7FF4A1,RJCT,AM05,2025-01-16T11:26:28
MSG-20251115-CE5C8519,ACSP,,2025-01-11T16:28:37
MSG-20251115-10C85D61,ACSP,,2025-01-17T13:03:48
MSG-20251115-CDF294F4,ACSP,,2025-01-29T14:59:27
MSG-20251115-947E69A0,ACSP,,2025-01-12T16:20:00
MSG-20251115-70BEDAE2,ACSP,,2025-01-19T14:52:52
MSG-20251115-191A50F9,ACSP,,2025-01-30T14:01:48
MSG-20251115-5742AE5D,ACSP,,2025-01-01T15:45:01
MSG-20251115-7952C5F2,ACSP,,2025-01-16T09:09:50
MSG-20251115-74607B48,ACSP,,2025-01-15T13:06:03
MSG-20251115-82180305,ACSP,,2025-01-19T10:04:21
MSG-20251115-18846105,ACSP,,2025-01-23T15:50:32
MSG-20251115-D0E3F9F7,ACSP,,2025-01-05T15:52:35
MSG-20251115-60734C6D,ACSP,,2025-01-11T14:08:30
MSG-20251115-C3131AB7,ACSP,,2025-01-15T11:58:23
MSG-20251115-122B509A,ACSP,,2025-01-07T15:58:35
MSG-20251115-3F926F01,ACSP,,2025-01-17T09:46:17
MSG-20251115-14B3DE58,ACSP,,2025-01-28T14:38:02
MSG-20251115-97C419E2,ACSP,,2025-01-04T09:04:23
MSG-20251115-C054B038,ACSP,,2025-01-19T10:17:55
MSG-20251115-6CAA8CBE,ACSP,,2025-01-03T15:56:48
MSG-20251115-BABFC6B6,ACSP,,2025-01-30T10:29:38
MSG-20251115-FE51F6A9,RJCT,RC01,2025-01-12T16:12:57
MSG-20251115-5E593800,RJCT,AM04,2025-01-21T11:34:11
MSG-20251115-68FB2F6D,ACSP,,2025-01-05T14:13:51
MSG-20251115-B3C87479,ACSP,,2025-01-26T13:24:45
MSG-20251115-B1DDC383,ACSP,,2025-01-13T11:12:21
MSG-20251115-B73B0CD8,ACSP,,2025-01-26T14:36:21
MSG-20251115-7EADD99C,ACSP,,2025-01-09T10:55:53
MSG-20251115-D8F15CFB,ACSP,,2025-01-12T15:58:02
MSG-20251115-C79FC84D,ACSP,,2025-01-23T13:24:18
MSG-20251115-12567FD2,ACSP,,2025-01-06T14:02:52
MSG-20251115-8B6A629F,ACSP,,2025-01-01T11:42:15
MSG-20251115-71D10AD9,ACSP,,2025-01-01T16:40:10
MSG-20251115-0F84B656,ACSP,,2025-01-23T13:27:06
MSG-20251115-62695771,ACSP,,2025-01-24T14:54:06
MSG-20251115-E1A20605,ACSP,,2025-01-08T13:40:21
MSG-20251115-44BEE9CA,ACSP,,2025-01-06T13:00:22
MSG-20251115-58AF6570,ACSP,,2025-01-30T15:41:53
MSG-20251115-8F259869,ACSP,,2025-01-08T11:21:56
MSG-20251115-21DCA182,ACSP,,2025-01-09T16:17:05
MSG-20251115-5F2AE7F1,ACSP,,2025-01-02T14:30:06
MSG-20251115-42A374F1,ACSP,,2025-01-12T10:25:49
MSG-20251115-1A6DA3B5,ACSP,,2025-01-03T15:57:50
MSG-20251115-E4AFFD52,ACSP,,2025-01-11T16:25:50
MSG-20251115-063F1F9D,ACSP,,2025-01-23T09:29:45
MSG-20251115-31780614,ACSP,,2025-01-04T11:14:10
MSG-20251115-1735CB39,ACSP,,2025-01-22T11:20:37
MSG-20251115-9B28BBA5,ACSP,,2025-01-02T11:00:16
MSG-20251115-4D08CA5C,ACSP,,2025-01-04T09:14:12
MSG-20251115-ECA006D7,ACSP,,2025-01-26T14:32:26
MSG-20251115-AFAC11BA,ACSP,,2025-01-12T14:25:32
MSG-20251115-9DA269AD,ACSP,,2025-01-08T15:18:27
MSG-20251115-8F389109,ACSP,,2025-01-22T11:55:19
MSG-20251115-5AEAFFC6,ACSP,,2025-01-27T10:28:45
MSG-20251115-AD77832E,ACSP,,2025-01-03T14:58:31
MSG-20251115-49AAFF32,ACSP,,2025-01-25T14:11:51
MSG-20251115-1B795536,ACSP,,2025-01-03T13:29:51
MSG-20251115-A90923AE,ACSP,,2025-01-03T14:38:16
MSG-20251115-EB48DC8F,ACSP,,2025-01-26T13:42:43
MSG-20251115-1C67A2D8,ACSP,,2025-01-05T10:40:09
MSG-20251115-174C1043,ACSP,,2025-01-29T14:18:03
MSG-20251115-910F1854,ACSP,,2025-01-09T14:10:08
MSG-20251115-9129AA08,ACSP,,2025-01-24T14:18:32
MSG-20251115-D70F2AB8,ACSP,,2025-01-09T15:33:46
MSG-20251115-7A724DA7,ACSP,,2025-01-24T14:53:07
MSG-20251115-BC5DB537,ACSP,,2025-01-07T15:27:54
MSG-20251115-B4922B9A,ACSP,,2025-01-17T15:11:03
MSG-20251115-D1FA3A00,ACSP,,2025-01-06T17:00:03
MSG-20251115-A61BFD8E,ACSP,,2025-01-23T16:18:55
MSG-20251115-05E17B65,ACSP,,2025-01-08T11:33:26
MSG-20251115-15A9FFAB,ACSP,,2025-01-12T16:57:21
MSG-20251115-63F9B61E,RJCT,AM04,2025-01-28T10:53:29
MSG-20251115-06853A49,ACSP,,2025-01-21T14:35:20
MSG-20251115-E6F2F8B8,ACSP,,2025-01-08T11:41:39
MSG-20251115-13EF444D,ACSP,,2025-01-09T16:32:08
MSG-20251115-2E00F3DE,ACSP,,2025-01-01T10:45:15
MSG-20251115-2861560B,ACSP,,2025-01-22T09:33:08
MSG-20251115-9829B870,RJCT,MD07,2025-01-21T13:44:33
MSG-20251115-23BF562A,ACSP,,2025-01-26T15:54:54
MSG-20251115-4E970DA7,ACSP,,2025-01-21T14:20:17
MSG-20251115-971578A4,ACSP,,2025-01-11T13:48:59
MSG-20251115-132F2E59,ACSP,,2025-01-17T11:57:45
MSG-20251115-E851F347,ACSP,,2025-01-24T11:49:49
MSG-20251115-AA824507,ACSP,,2025-01-12T16:51:01
MSG-20251115-1102A220,ACSP,,2025-01-19T11:31:53
MSG-20251115-C074079D,ACSP,,2025-01-29T16:34:24
MSG-20251115-74EAD449,ACSP,,2025-01-05T16:23:24
MSG-20251115-3D713538,ACSP,,2025-01-16T11:43:19
MSG-20251115-9F61D756,ACSP,,2025-01-07T15:52:57
MSG-20251115-5CBC2119,ACSP,,2025-01-20T14:43:27
MSG-20251115-BC91A140,RJCT,BE04,2025-01-02T10:13:52
MSG-20251115-778EC5C7,ACSP,,2025-01-22T09:43:05
MSG-20251115-C9B3081F,ACSP,,2025-01-04T14:34:22
MSG-20251115-583FF035,ACSP,,2025-01-10T14:49:52
MSG-20251115-3757EA2D,ACSP,,2025-01-29T14:24:41
MSG-20251115-BAB3A867,ACSP,,2025-01-08T13:09:04
MSG-20251115-16A774F9,ACSP,,2025-01-23T13:54:20
MSG-20251115-89D8CA7B,ACSP,,2025-01-20T09:45:22
MSG-20251115-266EFAA6,ACSP,,2025-01-13T09:37:36
MSG-20251115-7BFD3C87,ACSP,,2025-01-10T14:45:18
MSG-20251115-D5FD2D3C,ACSP,,2025-01-27T09:35:04
MSG-20251115-CE3E68C2,ACSP,,2025-01-07T10:13:39
MSG-20251115-45B66C00,ACSP,,2025-01-06T09:37:36
MSG-20251115-C977AED2,ACSP,,2025-01-01T09:46:05
MSG-20251115-70825A65,ACSP,,2025-01-25T10:05:25
MSG-20251115-2BD31F72,ACSP,,2025-01-09T14:03:33
MSG-20251115-E7006C3F,ACSP,,2025-01-14T13:07:56
MSG-20251115-A0C3BD14,ACSP,,2025-01-12T14:42:43
MSG-20251115-1BE16D05,ACSP,,2025-01-13T14:31:23
MSG-20251115-E6FF3FB3,ACSP,,2025-01-21T15:11:25
MSG-20251115-7DCFDFBC,ACSP,,2025-01-04T14:40:30
MSG-20251115-A347DB8C,ACSP,,2025-01-28T13:57:18
MSG-20251115-4537642F,ACSP,,2025-01-15T09:04:38
MSG-20251115-9A8B98A1,ACSP,,2025-01-17T10:47:13
MSG-20251115-9B6148C2,ACSP,,2025-01-12T13:46:24
MSG-20251115-824F1A71,ACSP,,2025-01-21T16:34:39
MSG-20251115-BAC3E4FE,ACSP,,2025-01-11T16:22:52
MSG-20251115-0378F568,ACSP,,2025-01-27T16:05:24
MSG-20251115-7DC918B1,ACSP,,2025-01-15T11:08:23
MSG-20251115-93956578,ACSP,,2025-01-27T09:54:04
MSG-20251115-8A68F1EB,ACSP,,2025-01-11T11:56:30
MSG-20251115-CF8A34CD,ACSP,,2025-01-23T13:24:59
MSG-20251115-9C0C823C,ACSP,,2025-01-11T11:56:54
MSG-20251115-C4455624,RJCT,AC01,2025-01-29T16:33:37
MSG-20251115-77A6F86C,ACSP,,2025-01-04T15:27:08
MSG-20251115-AC037A4B,ACSP,,2025-01-04T15:28:19
MSG-20251115-AE74479E,ACSP,,2025-01-16T09:36:29
MSG-20251115-F1DEE514,ACSP,,2025-01-23T10:12:02
MSG-20251115-01447AB1,ACSP,,2025-01-14T10:47:31
MSG-20251115-759E654F,ACSP,,2025-01-26T16:09:33
MSG-20251115-CB7D7F5F,ACSP,,2025-01-07T16:42:52
MSG-20251115-994D00A2,ACSP,,2025-01-17T10:47:36
MSG-20251115-9C18FFAC,ACSP,,2025-01-19T10:45:40
MSG-20251115-418DA4A3,ACSP,,2025-01-29T15:28:52
MSG-20251115-B504CC1D,ACSP,,2025-01-22T09:13:47
MSG-20251115-18476BA4,ACSP,,2025-01-23T15:20:12
MSG-20251115-DB640AF1,ACSP,,2025-01-20T15:46:17
MSG-20251115-91BE5FA8,ACSP,,2025-01-23T13:03:25
MSG-20251115-6A04D02A,ACSP,,2025-01-01T13:17:26
MSG-20251115-62A71EC2,ACSP,,2025-01-25T13:13:16
MSG-20251115-A9982773,ACSP,,2025-01-06T13:35:05
MSG-20251115-D74F13D0,ACSP,,2025-01-06T10:57:50
MSG-20251115-D6DF4622,ACSP,,2025-01-05T11:41:02
MSG-20251115-22C6089E,ACSP,,2025-01-26T13:21:47
MSG-20251115-A685E25F,ACSP,,2025-01-18T10:27:35
MSG-20251115-C23FBF45,ACSP,,2025-01-12T11:15:13
MSG-20251115-8033E5F6,ACSP,,2025-01-22T11:30:32
MSG-20251115-F892DD34,ACSP,,2025-01-13T11:37:12
MSG-20251115-DB865376,ACSP,,2025-01-16T09:20:15
MSG-20251115-148357BF,ACSP,,2025-01-25T10:36:30
MSG-20251115-AAC67576,ACSP,,2025-01-27T09:14:12
MSG-20251115-A66B2F2D,ACSP,,2025-01-01T14:49:02
MSG-20251115-00976414,ACSP,,2025-01-18T09:39:30
MSG-20251115-7428A536,RJCT,BE04,2025-01-11T09:26:54
MSG-20251115-37614E30,ACSP,,2025-01-23T15:05:02
MSG-20251115-AA3CCBFA,ACSP,,2025-01-10T15:30:10
MSG-20251115-D6247789,ACSP,,2025-01-18T16:09:32
MSG-20251115-CF837BF6,ACSP,,2025-01-10T13:54:29
MSG-20251115-9497CDE8,ACSP,,2025-01-02T09:39:07
MSG-20251115-6C1BABF6,ACSP,,2025-01-24T13:49:46
MSG-20251115-6AE6A841,ACSP,,2025-01-06T16:42:23
MSG-20251115-6C3AD5CE,ACSP,,2025-01-21T10:05:10
MSG-20251115-CDBEA903,ACSP,,2025-01-12T16:45:52
MSG-20251115-33C77721,RJCT,AC01,2025-01-11T14:30:55
MSG-20251115-39A0AED1,ACSP,,2025-01-26T11:29:34
MSG-20251115-EC004CB3,ACSP,,2025-01-09T15:24:48
MSG-20251115-0E14BB12,ACSP,,2025-01-25T11:33:32
MSG-20251115-DBC8E8BF,ACSP,,2025-01-28T15:09:43
MSG-20251115-DD3733BD,RJCT,AC01,2025-01-29T09:58:06
MSG-20251115-8018776B,ACSP,,2025-01-30T09:37:46
MSG-20251115-4DFEC27C,ACSP,,2025-01-12T14:15:20
MSG-20251115-5AE4BA48,ACSP,,2025-01-12T10:01:02
MSG-20251115-7B159169,ACSP,,2025-01-15T16:12:33
MSG-20251115-184BD454,ACSP,,2025-01-08T15:33:32
MSG-20251115-DC713984,ACSP,,2025-01-17T15:24:45
MSG-20251115-A7D7F355,ACSP,,2025-01-04T13:35:48
MSG-20251115-EC369DDA,ACSP,,2025-01-13T13:25:56
MSG-20251115-F2011F76,ACSP,,2025-01-12T15:59:30
MSG-20251115-171558DD,ACSP,,2025-01-15T16:15:52
MSG-20251115-CBF9BF9F,ACSP,,2025-01-06T11:41:23
MSG-20251115-7A03939B,ACSP,,2025-01-24T09:33:00
MSG-20251115-47DF7AC4,ACSP,,2025-01-01T16:03:00
MSG-20251115-E9617499,ACSP,,2025-01-02T16:17:53
MSG-20251115-113D2C20,ACSP,,2025-01-07T14:41:26
MSG-20251115-63A2176F,ACSP,,2025-01-26T10:56:15
MSG-20251115-FB2D2B35,ACSP,,2025-01-20T10:04:56
MSG-20251115-661C72EE,ACSP,,2025-01-17T15:34:44
MSG-20251115-3782E3B9,ACSP,,2025-01-29T10:41:14
MSG-20251115-D694E78E,ACSP,,2025-01-22T16:41:16
MSG-20251115-C5056CAD,ACSP,,2025-01-12T15:03:05
MSG-20251115-0D67CE09,ACSP,,2025-01-12T10:55:00
MSG-20251115-9EFA0934,ACSP,,2025-01-30T15:05:58
MSG-20251115-A6D46ABB,ACSP,,2025-01-19T10:08:17
MSG-20251115-A6F8BB45,ACSP,,2025-01-12T09:10:45
MSG-20251115-3ED888F2,ACSP,,2025-01-20T11:46:33
MSG-20251115-30133456,ACSP,,2025-01-12T10:37:53
MSG-20251115-C7839489,ACSP,,2025-01-28T15:45:01
MSG-20251115-1D58DE34,ACSP,,2025-01-07T10:27:36
MSG-20251115-E56F03ED,ACSP,,2025-01-13T13:00:25
MSG-20251115-DB7C2731,ACSP,,2025-01-03T11:15:14
MSG-20251115-F087A6A4,ACSP,,2025-01-20T13:35:54
MSG-20251115-01173023,ACSP,,2025-01-01T16:58:09
MSG-20251115-CDE99FEE,ACSP,,2025-01-22T09:24:44
MSG-20251115-4EFE99EF,RJCT,MD07,2025-01-12T13:27:13
MSG-20251115-F52413C0,ACSP,,2025-01-18T11:49:44
MSG-20251115-D439BBB4,ACSP,,2025-01-20T16:31:16
MSG-20251115-C0BB6B47,ACSP,,2025-01-17T11:23:21
MSG-20251115-35094D31,ACSP,,2025-01-19T14:52:37
MSG-20251115-04A84C24,ACSP,,2025-01-16T09:17:46
MSG-20251115-E7C56C69,ACSP,,2025-01-26T11:28:24
MSG-20251115-6A666591,ACSP,,2025-01-10T09:27:20
MSG-20251115-6767DFB4,ACSP,,2025-01-12T16:39:19
MSG-20251115-1C336E97,ACSP,,2025-01-08T13:16:41
MSG-20251115-D9E3A327,ACSP,,2025-01-05T15:07:33
MSG-20251115-D66EE53B,ACSP,,2025-01-25T15:37:08
MSG-20251115-F9D24AAA,ACSP,,2025-01-16T16:52:24
MSG-20251115-B6D86D32,ACSP,,2025-01-17T15:29:13
MSG-20251115-9E156331,ACSP,,2025-01-15T09:47:42
MSG-20251115-D748C1D4,ACSP,,2025-01-13T10:07:09
MSG-20251115-F01957F6,ACSP,,2025-01-08T11:32:14
MSG-20251115-BE192D99,ACSP,,2025-01-14T13:51:24
MSG-20251115-1C77CF32,ACSP,,2025-01-19T16:39:29
MSG-20251115-07AAF2DC,ACSP,,2025-01-18T14:58:43
MSG-20251115-C6265552,ACSP,,2025-01-26T09:12:11
MSG-20251115-FE9A1D91,ACSP,,2025-01-10T11:38:34
MSG-20251115-4DA42C45,ACSP,,2025-01-07T15:17:36
MSG-20251115-31F889F7,ACSP,,2025-01-12T10:38:17
MSG-20251115-63C6FDEC,ACSP,,2025-01-19T10:44:23
MSG-20251115-4D5BCD12,ACSP,,2025-01-11T13:34:52
MSG-20251115-BD7BB3F1,RJCT,FF01,2025-01-15T13:10:11
MSG-20251115-1C6DF8C0,ACSP,,2025-01-03T16:23:34
MSG-20251115-97112A5B,ACSP,,2025-01-09T14:53:25
MSG-20251115-DD7A8FB9,ACSP,,2025-01-28T09:08:51
MSG-20251115-EFFC3124,ACSP,,2025-01-07T16:27:20
MSG-20251115-40ABD15A,ACSP,,2025-01-25T14:35:48
MSG-20251115-96369F73,ACSP,,2025-01-10T16:17:09
MSG-20251115-59004C21,RJCT,MD07,2025-01-01T09:45:31
MSG-20251115-5E598982,ACSP,,2025-01-18T14:09:23
MSG-20251115-974CD341,ACSP,,2025-01-17T13:43:51
MSG-20251115-E8E5040E,ACSP,,2025-01-15T11:25:06
MSG-20251115-2280F9A2,ACSP,,2025-01-12T11:32:19
MSG-20251115-FE210018,ACSP,,2025-01-10T09:52:25
MSG-20251115-66EF93DC,ACSP,,2025-01-07T14:38:28
MSG-20251115-7A8D6F04,ACSP,,2025-01-08T11:05:35
MSG-20251115-965500F5,ACSP,,2025-01-21T13:36:29
MSG-20251115-DEDDFB8E,ACSP,,2025-01-10T09:43:39
MSG-20251115-56FDFE26,ACSP,,2025-01-11T09:10:40
MSG-20251115-4F9E0817,ACSP,,2025-01-05T13:30:00
MSG-20251115-44D439EF,ACSP,,2025-01-07T11:28:59
MSG-20251115-60021FA6,ACSP,,2025-01-03T15:51:21
MSG-20251115-E737A09E,ACSP,,2025-01-06T16:57:35
MSG-20251115-02D9D291,ACSP,,2025-01-13T15:30:19
MSG-20251115-07938FBB,ACSP,,2025-01-16T14:46:44
MSG-20251115-B8642A31,ACSP,,2025-01-09T14:43:52
MSG-20251115-2B0D9D4A,ACSP,,2025-01-08T13:29:51
MSG-20251115-7734CC17,ACSP,,2025-01-26T16:00:53
MSG-20251115-10A2FEA6,ACSP,,2025-01-08T16:34:20
MSG-20251115-08FE8C69,ACSP,,2025-01-21T16:48:07
MSG-20251115-B63B858C,ACSP,,2025-01-26T14:50:12
MSG-20251115-4877EADF,ACSP,,2025-01-09T09:33:13
MSG-20251115-B9FEA5CE,ACSP,,2025-01-19T16:37:13
MSG-20251115-C9DCF93C,ACSP,,2025-01-03T10:10:35
MSG-20251115-DC03CE93,ACSP,,2025-01-25T13:34:50
MSG-20251115-A3F49D08,ACSP,,2025-01-11T13:04:28
MSG-20251115-68031881,ACSP,,2025-01-25T10:10:46
MSG-20251115-EA115A5C,ACSP,,2025-01-04T10:45:04
MSG-20251115-703E3A38,ACSP,,2025-01-07T09:33:12
MSG-20251115-FA0BF591,ACSP,,2025-01-17T10:47:59
MSG-20251115-6086BA5D,ACSP,,2025-01-30T16:45:05
MSG-20251115-8BA2D394,ACSP,,2025-01-18T13:28:42
MSG-20251115-BB1D5AA3,ACSP,,2025-01-24T09:57:00
MSG-20251115-CDBC13CF,ACSP,,2025-01-18T14:13:02
MSG-20251115-92C90D81,ACSP,,2025-01-18T13:38:14
MSG-20251115-5834C015,ACSP,,2025-01-23T13:29:10
MSG-20251115-418BAFE9,ACSP,,2025-01-22T16:36:39
MSG-20251115-0779B3DC,ACSP,,2025-01-14T15:43:21
MSG-20251115-7B8253C7,ACSP,,2025-01-25T10:50:58
MSG-20251115-52ED7399,ACSP,,2025-01-24T09:19:29
MSG-20251115-EF021CD2,ACSP,,2025-01-08T16:58:37
MSG-20251115-E894A1A1,ACSP,,2025-01-04T09:31:37
MSG-20251115-A535844E,ACSP,,2025-01-09T15:20:48
MSG-20251115-3DB7D480,ACSP,,2025-01-26T14:11:59
MSG-20251115-41FD6C57,ACSP,,2025-01-03T15:04:06
MSG-20251115-A58C8954,ACSP,,2025-01-28T15:15:36
MSG-20251115-1690F583,RJCT,AC01,2025-01-10T10:02:49
MSG-20251115-3616FAEA,ACSP,,2025-01-02T13:50:09
MSG-20251115-6D72F1BB,ACSP,,2025-01-10T15:27:02
MSG-20251115-EC237CCB,ACSP,,2025-01-09T09:27:18
MSG-20251115-B7838BA5,ACSP,,2025-01-16T10:13:45
MSG-20251115-5FAF4176,ACSP,,2025-01-08T09:18:21
MSG-20251115-E497222A,RJCT,AB05,2025-01-22T14:29:14
MSG-20251115-FA46879E,ACSP,,2025-01-06T11:42:23
MSG-20251115-6B03F3F6,ACSP,,2025-01-22T11:10:56
MSG-20251115-7D7E86E9,ACSP,,2025-01-28T15:56:11
MSG-20251115-F9039A36,ACSP,,2025-01-15T14:01:47
MSG-20251115-60765E60,ACSP,,2025-01-18T14:42:48
MSG-20251115-FE5443A1,ACSP,,2025-01-19T13:36:11
MSG-20251115-03814FD6,ACSP,,2025-01-02T14:44:44
MSG-20251115-B36D8720,ACSP,,2025-01-01T11:59:24
MSG-20251115-D6EA7F2F,ACSP,,2025-01-16T15:40:59
MSG-20251115-3FA9AAF6,ACSP,,2025-01-02T16:36:26
MSG-20251115-7473DE18,ACSP,,2025-01-12T13:24:19
MSG-20251115-BC72FA1B,ACSP,,2025-01-21T12:00:09
MSG-20251115-5D3F67EA,ACSP,,2025-01-11T14:44:57
MSG-20251115-A0CADDD2,RJCT,BE04,2025-01-19T16:29:19
MSG-20251115-C2840C0C,ACSP,,2025-01-19T10:46:59
MSG-20251115-85FBA7A9,ACSP,,2025-01-30T15:09:55
MSG-20251115-207712ED,ACSP,,2025-01-11T15:10:08
MSG-20251115-AAC0022F,ACSP,,2025-01-15T13:56:11
MSG-20251115-9F53B1FB,ACSP,,2025-01-06T09:52:12
MSG-20251115-4B76C626,ACSP,,2025-01-08T13:01:53
MSG-20251115-6434009F,ACSP,,2025-01-23T13:25:34
MSG-20251115-B6F69D15,RJCT,AG01,2025-01-08T09:28:01
MSG-20251115-80D126B8,RJCT,AG01,2025-01-03T16:30:12
MSG-20251115-877732DB,ACSP,,2025-01-14T14:53:12
MSG-20251115-CFC1AD33,ACSP,,2025-01-17T09:30:54
MSG-20251115-1359DE90,ACSP,,2025-01-24T09:38:05
MSG-20251115-A9E4D6C7,ACSP,,2025-01-15T14:20:54
MSG-20251115-327E488D,ACSP,,2025-01-15T15:44:19
MSG-20251115-F9813C90,ACSP,,2025-01-13T14:22:06
MSG-20251115-E811B7CF,ACSP,,2025-01-03T11:22:17
MSG-20251115-6413F957,ACSP,,2025-01-23T14:43:33
MSG-20251115-3F1FF132,ACSP,,2025-01-18T14:03:02
MSG-20251115-D5D34BF7,ACSP,,2025-01-28T16:12:26
MSG-20251115-302B4442,ACSP,,2025-01-21T16:08:09
MSG-20251115-23785D77,ACSP,,2025-01-15T14:58:31
MSG-20251115-EEA26606,ACSP,,2025-01-19T13:32:30
MSG-20251115-6C84B618,ACSP,,2025-01-29T10:19:03
MSG-20251115-46470FDF,ACSP,,2025-01-05T09:44:39
MSG-20251115-3E453AAB,ACSP,,2025-01-30T09:03:28
MSG-20251115-8A8ADE39,ACSP,,2025-01-15T13:39:45
MSG-20251115-63818ABD,ACSP,,2025-01-29T14:56:04
MSG-20251115-610DFB09,ACSP,,2025-01-05T09:47:37
MSG-20251115-EAF43463,ACSP,,2025-01-20T09:07:37
MSG-20251115-574E8EBD,ACSP,,2025-01-20T15:21:37
MSG-20251115-D47E9BE8,ACSP,,2025-01-20T10:34:04
MSG-20251115-45FCFD8C,ACSP,,2025-01-07T09:08:17
MSG-20251115-5FCF946C,ACSP,,2025-01-26T10:28:37
MSG-20251115-D3F98C6E,ACSP,,2025-01-21T16:47:10
MSG-20251115-42C52B6D,ACSP,,2025-01-25T09:08:03
MSG-20251115-CE486E55,ACSP,,2025-01-07T11:57:09
MSG-20251115-9DE6D8A6,ACSP,,2025-01-05T13:31:39
MSG-20251115-EAAC206A,ACSP,,2025-01-27T10:20:40
MSG-20251115-67C9A02A,ACSP,,2025-01-26T15:24:10
MSG-20251115-5FBB7C74,ACSP,,2025-01-21T10:57:43
MSG-20251115-DDE0AD47,ACSP,,2025-01-23T09:18:42
MSG-20251115-85C18476,ACSP,,2025-01-27T11:14:46
MSG-20251115-0832EF63,ACSP,,2025-01-30T09:30:32
MSG-20251115-1F308C52,ACSP,,2025-01-30T14:50:11
MSG-20251115-E478F0B4,ACSP,,2025-01-27T10:46:31
MSG-20251115-45F0C815,ACSP,,2025-01-01T11:03:13
MSG-20251115-7702F56C,ACSP,,2025-01-01T10:51:51
MSG-20251115-9441B141,ACSP,,2025-01-18T11:52:54
MSG-20251115-1C741A76,ACSP,,2025-01-01T10:38:13
MSG-20251115-93B57FC1,ACSP,,2025-01-05T13:55:09
MSG-20251115-C079763C,ACSP,,2025-01-02T16:02:08
MSG-20251115-B99EA834,ACSP,,2025-01-13T16:48:22
MSG-20251115-B54CC982,ACSP,,2025-01-23T15:45:55
MSG-20251115-55A086FC,ACSP,,2025-01-27T15:47:46
MSG-20251115-4030A4FF,ACSP,,2025-01-08T16:10:02
MSG-20251115-3B6DE02E,ACSP,,2025-01-26T15:22:16
MSG-20251115-AD4CA850,ACSP,,2025-01-16T14:57:53
MSG-20251115-86625C56,ACSP,,2025-01-13T15:48:52
MSG-20251115-638727CE,ACSP,,2025-01-13T10:28:32
MSG-20251115-5AEFAA75,ACSP,,2025-01-11T16:55:42
MSG-20251115-33C7F46E,ACSP,,2025-01-18T13:16:08
MSG-20251115-C469F5B1,ACSP,,2025-01-11T10:06:42
MSG-20251115-FA212DE3,ACSP,,2025-01-22T15:40:43
MSG-20251115-623BB4C6,ACSP,,2025-01-07T15:09:35
MSG-20251115-0432658A,RJCT,AC01,2025-01-13T10:39:39
MSG-20251115-1582C789,ACSP,,2025-01-30T14:49:01
MSG-20251115-8304490C,ACSP,,2025-01-28T11:04:16
MSG-20251115-0C52375D,ACSP,,2025-01-28T11:59:19
MSG-20251115-BA35854A,ACSP,,2025-01-23T14:27:52
MSG-20251115-C7A87139,ACSP,,2025-01-05T16:38:03
MSG-20251115-141BA492,ACSP,,2025-01-05T09:05:00
MSG-20251115-5E4435B4,ACSP,,2025-01-03T16:44:06
MSG-20251115-52EDB8FF,ACSP,,2025-01-15T10:29:06
MSG-20251115-FA2F208F,ACSP,,2025-01-20T09:39:38
MSG-20251115-FC8F096F,ACSP,,2025-01-02T09:38:50
MSG-20251115-1BCCF11F,ACSP,,2025-01-24T13:36:14
MSG-20251115-5C974835,ACSP,,2025-01-16T13:50:47
MSG-20251115-D1F9FB05,ACSP,,2025-01-20T09:23:46
MSG-20251115-26308745,ACSP,,2025-01-14T11:54:30
MSG-20251115-4898DB3C,ACSP,,2025-01-02T13:32:24
MSG-20251115-A7D8E779,ACSP,,2025-01-10T14:05:55
MSG-20251115-E5892CF0,RJCT,FF01,2025-01-05T10:19:16
MSG-20251115-7BD753A1,ACSP,,2025-01-22T14:25:26
MSG-20251115-16756B8E,ACSP,,2025-01-26T10:59:05
MSG-20251115-282853CD,RJCT,AM05,2025-01-25T14:52:53
MSG-20251115-0AC5C795,ACSP,,2025-01-07T10:50:13
MSG-20251115-18BB1F07,ACSP,,2025-01-02T16:31:54
MSG-20251115-315EA1ED,ACSP,,2025-01-22T13:26:39
MSG-20251115-A1E011C1,ACSP,,2025-01-10T15:30:40
MSG-20251115-921BB95D,ACSP,,2025-01-28T14:41:48
MSG-20251115-6758137F,ACSP,,2025-01-21T10:26:47
MSG-20251115-9478D221,RJCT,MD07,2025-01-22T13:12:36
MSG-20251115-208D29B0,ACSP,,2025-01-14T09:36:01
MSG-20251115-5166801C,ACSP,,2025-01-07T09:01:45
MSG-20251115-3C753EFE,ACSP,,2025-01-23T09:05:59
MSG-20251115-6C387B85,ACSP,,2025-01-23T16:17:23
MSG-20251115-4F6DBDEB,ACSP,,2025-01-30T11:52:51
MSG-20251115-37B55CF2,ACSP,,2025-01-25T09:26:12
MSG-20251115-B59A9381,ACSP,,2025-01-15T09:33:42
MSG-20251115-1993477F,ACSP,,2025-01-18T15:29:43
MSG-20251115-F601BF6D,RJCT,MD07,2025-01-03T09:39:10
MSG-20251115-2AD4425E,ACSP,,2025-01-21T13:00:11
MSG-20251115-88505499,ACSP,,2025-01-19T09:35:24
MSG-20251115-850330D8,ACSP,,2025-01-01T14:47:10
MSG-20251115-8F166E3A,ACSP,,2025-01-13T09:43:28
MSG-20251115-B172B134,ACSP,,2025-01-27T14:52:12
MSG-20251115-C4576CA3,RJCT,AC01,2025-01-10T13:26:54
MSG-20251115-03A23EDF,ACSP,,2025-01-05T09:13:11
MSG-20251115-085586AA,ACSP,,2025-01-18T15:55:34
MSG-20251115-54218373,ACSP,,2025-01-13T09:14:37
MSG-20251115-A3195FF8,ACSP,,2025-01-30T09:02:39
MSG-20251115-F666ABE2,ACSP,,2025-01-08T13:44:36
MSG-20251115-ECD59B81,ACSP,,2025-01-15T10:11:56
MSG-20251115-1110892A,ACSP,,2025-01-20T15:42:02
MSG-20251115-147041EA,ACSP,,2025-01-11T09:46:44
MSG-20251115-E97DC925,ACSP,,2025-01-19T16:23:03
MSG-20251115-4C406BCE,ACSP,,2025-01-23T11:38:03
MSG-20251115-D795C7CF,ACSP,,2025-01-04T15:57:54
MSG-20251115-3A51D49D,ACSP,,2025-01-01T09:12:15
MSG-20251115-ADA3CC66,ACSP,,2025-01-07T16:43:44
MSG-20251115-7A4DF8D6,ACSP,,2025-01-20T16:49:04
MSG-20251115-3BDD120B,ACSP,,2025-01-14T09:38:10
MSG-20251115-BE34936E,RJCT,AC01,2025-01-28T15:37:10
MSG-20251115-BF3CDDFE,ACSP,,2025-01-02T16:07:50
MSG-20251115-39C95A93,ACSP,,2025-01-21T11:19:35
MSG-20251115-682F044C,ACSP,,2025-01-04T13:03:37
MSG-20251115-17ED99B1,ACSP,,2025-01-03T16:49:30
MSG-20251115-E98665B2,RJCT,BE04,2025-01-25T09:22:16
MSG-20251115-E08954B0,ACSP,,2025-01-29T16:05:13
MSG-20251115-59F744EF,ACSP,,2025-01-30T10:31:20
MSG-20251115-D7C634C4,ACSP,,2025-01-09T16:23:12
MSG-20251115-F97F6962,ACSP,,2025-01-04T15:32:02
MSG-20251115-A52F7BD3,ACSP,,2025-01-20T16:54:09
MSG-20251115-E974E366,ACSP,,2025-01-14T15:35:46
MSG-20251115-FAAD653C,ACSP,,2025-01-01T13:29:26
MSG-20251115-E2018A96,ACSP,,2025-01-30T10:00:21
MSG-20251115-F64A0AED,ACSP,,2025-01-17T14:32:51
MSG-20251115-480F7002,ACSP,,2025-01-23T13:27:47
MSG-20251115-2F9F9257,ACSP,,2025-01-16T13:21:04
MSG-20251115-2FE59D17,RJCT,AC01,2025-01-25T16:59:45
MSG-20251115-EC9190BD,ACSP,,2025-01-23T13:00:06
MSG-20251115-ADBA4706,ACSP,,2025-01-10T14:51:40
MSG-20251115-47507B81,ACSP,,2025-01-24T09:35:25
MSG-20251115-29D54FA6,ACSP,,2025-01-15T10:02:59
MSG-20251115-B307F0DF,ACSP,,2025-01-05T11:16:22
MSG-20251115-3E446A74,ACSP,,2025-01-25T13:52:15
MSG-20251115-A662942D,ACSP,,2025-01-02T09:25:28
MSG-20251115-E3A89292,ACSP,,2025-01-23T10:46:37
MSG-20251115-42F316B4,ACSP,,2025-01-29T14:06:09
MSG-20251115-4AFCCCA6,ACSP,,2025-01-06T11:07:39
MSG-20251115-1A9A14D3,ACSP,,2025-01-10T14:46:55
MSG-20251115-9BD7AD37,ACSP,,2025-01-10T16:04:28
MSG-20251115-00DFF5DF,ACSP,,2025-01-21T13:53:57
MSG-20251115-5CA85425,ACSP,,2025-01-10T10:09:14
MSG-20251115-FC16E425,ACSP,,2025-01-10T15:57:53
MSG-20251115-22E69F4C,ACSP,,2025-01-23T10:19:30
MSG-20251115-A3AC7CAE,ACSP,,2025-01-04T09:21:40
MSG-20251115-12CB8374,ACSP,,2025-01-18T13:02:35
MSG-20251115-F617D911,ACSP,,2025-01-18T16:36:28
MSG-20251115-36F1A145,ACSP,,2025-01-15T11:10:44
MSG-20251115-DB6929D7,ACSP,,2025-01-29T11:51:47
MSG-20251115-80F9A7E4,ACSP,,2025-01-24T14:02:55
MSG-20251115-F62834FF,ACSP,,2025-01-15T11:06:31
MSG-20251115-DD59FAB2,ACSP,,2025-01-07T09:05:48
MSG-20251115-3A3E5B1A,ACSP,,2025-01-07T14:21:58
MSG-20251115-F8420CEB,ACSP,,2025-01-23T15:29:31
MSG-20251115-D2E5A9D3,ACSP,,2025-01-10T14:59:48
MSG-20251115-8C779DD2,ACSP,,2025-01-10T16:55:12
MSG-20251115-96C094F9,ACSP,,2025-01-05T16:20:54
MSG-20251115-03AE012B,RJCT,BE04,2025-01-01T14:43:49
MSG-20251115-96E7A513,ACSP,,2025-01-06T15:26:15
MSG-20251115-82355C4B,ACSP,,2025-01-16T10:50:50
MSG-20251115-A291E574,ACSP,,2025-01-10T13:57:12
MSG-20251115-0C4EF1B3,ACSP,,2025-01-06T14:47:07
MSG-20251115-14A6C731,ACSP,,2025-01-03T10:50:54
MSG-20251115-61A4DD50,ACSP,,2025-01-23T15:08:18
MSG-20251115-E1F32C22,ACSP,,2025-01-06T10:04:19
MSG-20251115-1DD4F284,ACSP,,2025-01-06T09:18:46
MSG-20251115-D06D5031,ACSP,,2025-01-10T10:43:48
MSG-20251115-1972B858,ACSP,,2025-01-20T15:11:40
MSG-20251115-A416B6A0,ACSP,,2025-01-04T10:39:50
MSG-20251115-CC8AE797,ACSP,,2025-01-25T14:28:09
MSG-20251115-04D853C8,ACSP,,2025-01-26T10:42:11
MSG-20251115-5962E151,ACSP,,2025-01-30T09:07:59
MSG-20251115-F168F6BC,ACSP,,2025-01-27T14:41:01
MSG-20251115-51F7CEA4,ACSP,,2025-01-08T16:58:32
MSG-20251115-8B93FF70,ACSP,,2025-01-05T09:29:12
MSG-20251115-EBFB7EBB,ACSP,,2025-01-02T16:07:34
MSG-20251115-159F9652,ACSP,,2025-01-02T09:20:46
MSG-20251115-44EF6851,ACSP,,2025-01-19T16:12:51
MSG-20251115-2D527EEB,ACSP,,2025-01-12T16:58:35
MSG-20251115-82C35021,ACSP,,2025-01-17T16:48:53
MSG-20251115-D0FE92FD,RJCT,AG01,2025-01-30T16:34:34
MSG-20251115-00DF141D,ACSP,,2025-01-22T09:12:33
MSG-20251115-63B17F6E,ACSP,,2025-01-04T15:21:46
MSG-20251115-0C9CFAD1,ACSP,,2025-01-23T11:38:04
MSG-20251115-4739B704,ACSP,,2025-01-10T14:41:00
MSG-20251115-5BD48202,ACSP,,2025-01-18T14:19:54
MSG-20251115-F3DB5D27,ACSP,,2025-01-06T09:46:17
MSG-20251115-44FAEDF0,ACSP,,2025-01-05T14:27:31
MSG-20251115-B18B4834,ACSP,,2025-01-07T11:13:49
MSG-20251115-BBED08F9,ACSP,,2025-01-09T15:48:44
MSG-20251115-DF19584E,ACSP,,2025-01-22T10:27:42
MSG-20251115-C799F1EC,ACSP,,2025-01-04T11:33:41
MSG-20251115-1B70B4F4,ACSP,,2025-01-24T09:56:57
MSG-20251115-F50ABA12,ACSP,,2025-01-05T11:42:42
MSG-20251115-29B99CF8,ACSP,,2025-01-07T11:45:25
MSG-20251115-A7B80087,ACSP,,2025-01-25T09:29:41
MSG-20251115-8106F495,ACSP,,2025-01-15T09:02:27
MSG-20251115-8B7D45BF,ACSP,,2025-01-16T14:09:25
MSG-20251115-609922A6,ACSP,,2025-01-16T10:58:33
MSG-20251115-C5820ACB,ACSP,,2025-01-20T13:24:07
MSG-20251115-DD5C3D56,ACSP,,2025-01-27T11:23:57
MSG-20251115-DCF0BF74,ACSP,,2025-01-14T11:24:34
MSG-20251115-676D8EC8,ACSP,,2025-01-21T11:40:45
MSG-20251115-138C63FB,ACSP,,2025-01-01T10:22:29
MSG-20251115-87C0F036,ACSP,,2025-01-09T09:47:34
MSG-20251115-05477C20,ACSP,,2025-01-19T09:55:23
MSG-20251115-4B581A79,ACSP,,2025-01-17T15:52:29
MSG-20251115-BFD7E2FA,ACSP,,2025-01-07T14:43:40
MSG-20251115-C689A6AD,ACSP,,2025-01-19T14:55:13
MSG-20251115-C348FBBF,ACSP,,2025-01-09T09:38:59
MSG-20251115-B598E688,ACSP,,2025-01-17T15:20:34
MSG-20251115-554398EE,ACSP,,2025-01-20T10:31:14
MSG-20251115-FAC7F8DD,ACSP,,2025-01-07T13:56:32
MSG-20251115-6D742C78,ACSP,,2025-01-17T16:24:58
MSG-20251115-F5840DD7,ACSP,,2025-01-14T11:59:02
MSG-20251115-A913E06A,RJCT,AG01,2025-01-21T16:17:43
MSG-20251115-7B33511C,ACSP,,2025-01-01T16:54:28
MSG-20251115-AF080391,ACSP,,2025-01-07T16:18:49
MSG-20251115-6970F750,ACSP,,2025-01-21T15:03:10
MSG-20251115-09704E20,ACSP,,2025-01-11T10:20:32
MSG-20251115-2BC326B5,RJCT,RC01,2025-01-08T09:39:06
MSG-20251115-BAC42679,ACSP,,2025-01-08T10:08:27
MSG-20251115-E7376F1C,ACSP,,2025-01-30T14:15:06
MSG-20251115-81D1D254,ACSP,,2025-01-09T15:40:31
MSG-20251115-0E7AA0CA,ACSP,,2025-01-18T14:32:44
MSG-20251115-E732E11E,RJCT,RC01,2025-01-23T11:56:20
MSG-20251115-8C0E6C0A,ACSP,,2025-01-23T15:46:04
MSG-20251115-A71B0C8F,ACSP,,2025-01-18T15:16:17
MSG-20251115-8D737D8B,ACSP,,2025-01-03T15:51:43
MSG-20251115-88789D40,RJCT,AC01,2025-01-29T15:52:30
MSG-20251115-CC4BC714,RJCT,AM04,2025-01-27T15:33:42
MSG-20251115-7A73095F,RJCT,AC01,2025-01-27T16:47:54
MSG-20251115-AB81C4C9,RJCT,AM04,2025-01-23T09:52:05
MSG-20251115-3D4CE3C3,ACSP,,2025-01-01T14:13:41
MSG-20251115-ACC18522,ACSP,,2025-01-08T10:49:02
MSG-20251115-F1D16D5A,ACSP,,2025-01-15T14:59:56
MSG-20251115-BC42D16B,ACSP,,2025-01-07T09:28:23
MSG-20251115-672F3910,ACSP,,2025-01-01T10:44:28
MSG-20251115-144030D1,ACSP,,2025-01-23T15:11:42
MSG-20251115-F0027D1B,ACSP,,2025-01-03T11:11:46
MSG-20251115-FB540ED8,ACSP,,2025-01-27T13:33:51
MSG-20251115-91A02107,ACSP,,2025-01-10T13:33:53
MSG-20251115-CD7D17F4,ACSP,,2025-01-24T13:13:11
MSG-20251115-86090B41,ACSP,,2025-01-09T16:42:30
MSG-20251115-25A1DF8E,ACSP,,2025-01-01T14:09:17
MSG-20251115-30F6F2AB,ACSP,,2025-01-24T10:17:49
MSG-20251115-C26F8A8C,ACSP,,2025-01-16T11:41:30
MSG-20251115-2D81AA2B,ACSP,,2025-01-13T13:25:33
MSG-20251115-FA43170F,ACSP,,2025-01-17T14:23:20
MSG-20251115-F5703EB1,ACSP,,2025-01-09T09:21:38
MSG-20251115-80502A33,ACSP,,2025-01-30T14:19:30
MSG-20251115-405E8771,ACSP,,2025-01-24T14:52:23
MSG-20251115-D5BE7397,ACSP,,2025-01-05T09:15:49
MSG-20251115-A0A85688,ACSP,,2025-01-04T14:03:03
MSG-20251115-2095A421,ACSP,,2025-01-04T15:49:10
MSG-20251115-5A5F3354,ACSP,,2025-01-27T16:51:22
MSG-20251115-46646D89,ACSP,,2025-01-17T15:39:16
MSG-20251115-E44E7DA4,ACSP,,2025-01-29T11:01:51
MSG-20251115-51FC6428,ACSP,,2025-01-05T09:05:51
MSG-20251115-1EBE858D,ACSP,,2025-01-02T13:42:43
MSG-20251115-AD1B87BC,ACSP,,2025-01-26T13:19:34
MSG-20251115-70733AD3,ACSP,,2025-01-09T16:16:41
MSG-20251115-8DD1E34B,RJCT,BE04,2025-01-25T14:19:40
MSG-20251115-D4D7B545,ACSP,,2025-01-29T13:41:27
MSG-20251115-FEA078B9,ACSP,,2025-01-16T14:26:37
MSG-20251115-8091E358,ACSP,,2025-01-26T11:42:03
MSG-20251115-8D24EF0D,ACSP,,2025-01-15T13:15:24
MSG-20251115-A263AA87,RJCT,AC01,2025-01-14T09:54:45
MSG-20251115-6B94C345,ACSP,,2025-01-17T14:20:14
MSG-20251115-8EDC4C1A,ACSP,,2025-01-14T09:31:56
MSG-20251115-718DAF69,ACSP,,2025-01-04T13:45:24
MSG-20251115-AB3C497C,ACSP,,2025-01-14T13:20:35
MSG-20251115-035435F1,ACSP,,2025-01-11T15:55:18
MSG-20251115-39A5104A,ACSP,,2025-01-14T10:01:18
MSG-20251115-3D90D1C9,ACSP,,2025-01-23T14:59:37
MSG-20251115-D466783A,ACSP,,2025-01-26T11:06:13
MSG-20251115-713E7E16,ACSP,,2025-01-28T09:14:31
MSG-20251115-872A8351,RJCT,MD07,2025-01-03T11:52:43
MSG-20251115-EB394F23,ACSP,,2025-01-29T16:50:36
MSG-20251115-F465BF89,ACSP,,2025-01-19T16:13:59
MSG-20251115-A0BB2F24,ACSP,,2025-01-14T15:34:10
MSG-20251115-8272C7E3,ACSP,,2025-01-16T10:40:30
MSG-20251115-1A9524E7,ACSP,,2025-01-19T11:38:04
MSG-20251115-65DE56BE,ACSP,,2025-01-16T10:44:22
MSG-20251115-861D7C59,ACSP,,2025-01-24T16:32:16
MSG-20251115-BFA32C28,ACSP,,2025-01-05T11:49:26
MSG-20251115-46A678C2,ACSP,,2025-01-20T16:19:22
MSG-20251115-DD929BCE,RJCT,BE04,2025-01-06T10:33:50
MSG-20251115-EBA9EA04,ACSP,,2025-01-07T10:03:22
MSG-20251115-6D79617C,ACSP,,2025-01-06T15:58:43
MSG-20251115-56913F77,ACSP,,2025-01-20T16:08:22
MSG-20251115-7CF68468,ACSP,,2025-01-25T10:18:26
MSG-20251115-E5656217,ACSP,,2025-01-26T14:57:41
MSG-20251115-721F90C4,ACSP,,2025-01-17T09:11:40
MSG-20251115-C248BD71,RJCT,AM04,2025-01-23T14:52:15
MSG-20251115-FBFB238C,ACSP,,2025-01-11T15:09:39
MSG-20251115-D1EFA1F9,ACSP,,2025-01-27T15:32:37
MSG-20251115-73525423,ACSP,,2025-01-23T15:28:21
MSG-20251115-C43700D4,ACSP,,2025-01-05T15:29:30
MSG-20251115-6F5576B9,ACSP,,2025-01-05T15:00:53
MSG-20251115-CB2BED83,ACSP,,2025-01-13T15:11:17
MSG-20251115-70067ADC,RJCT,RC01,2025-01-21T13:54:44
MSG-20251115-DC25CB80,ACSP,,2025-01-24T13:21:37
MSG-20251115-087A1F71,ACSP,,2025-01-15T13:14:08
MSG-20251115-033519D8,ACSP,,2025-01-25T16:20:55
MSG-20251115-20F63A9C,ACSP,,2025-01-07T09:35:11
MSG-20251115-B0898593,ACSP,,2025-01-01T15:36:56
MSG-20251115-B2E2DD1F,ACSP,,2025-01-17T09:50:00
MSG-20251115-44BDD71E,ACSP,,2025-01-02T15:44:40
MSG-20251115-AC3DC484,ACSP,,2025-01-11T16:55:12
MSG-20251115-3DBDF751,ACSP,,2025-01-10T13:53:45
MSG-20251115-6976BB1B,ACSP,,2025-01-17T10:13:09
MSG-20251115-A95738F6,ACSP,,2025-01-03T09:04:20
MSG-20251115-FA4A819B,ACSP,,2025-01-22T10:27:33
MSG-20251115-B3A9B9A7,ACSP,,2025-01-21T14:30:16
MSG-20251115-DF2A8547,ACSP,,2025-01-05T10:08:49
MSG-20251115-82FB9CFB,ACSP,,2025-01-15T14:02:21
MSG-20251115-AAFF4152,ACSP,,2025-01-04T09:25:30
MSG-20251115-3EF0142C,ACSP,,2025-01-10T11:20:45
MSG-20251115-F01BF91A,ACSP,,2025-01-02T11:19:22
MSG-20251115-93D9C95F,ACSP,,2025-01-18T11:04:39
MSG-20251115-0DE66466,RJCT,AM04,2025-01-26T14:32:43
MSG-20251115-89CE7427,ACSP,,2025-01-22T14:10:18
MSG-20251115-ADC68F53,ACSP,,2025-01-08T14:23:16
MSG-20251115-6C99A76A,ACSP,,2025-01-28T16:48:31
MSG-20251115-0A521E15,ACSP,,2025-01-20T10:39:40
MSG-20251115-39735850,ACSP,,2025-01-22T10:12:28
MSG-20251115-A5E0B9CB,ACSP,,2025-01-03T15:36:37
MSG-20251115-891DDE0D,ACSP,,2025-01-11T14:12:23
MSG-20251115-060530F0,ACSP,,2025-01-03T09:06:47
MSG-20251115-9E72A476,ACSP,,2025-01-05T11:28:00
MSG-20251115-5C83A390,RJCT,AM05,2025-01-23T09:20:36
MSG-20251115-8AF4BC3E,ACSP,,2025-01-13T15:08:21
MSG-20251115-8850D383,RJCT,AM04,2025-01-17T15:34:38
MSG-20251115-72961886,ACSP,,2025-01-03T14:02:14
MSG-20251115-76578975,ACSP,,2025-01-08T15:38:01
MSG-20251115-59BE41FE,ACSP,,2025-01-28T13:34:14
MSG-20251115-08A9269A,ACSP,,2025-01-30T10:31:01
MSG-20251115-A775B2C3,ACSP,,2025-01-01T09:33:14
MSG-20251115-7AFD5748,ACSP,,2025-01-19T15:35:08
MSG-20251115-2505CC5D,ACSP,,2025-01-03T14:47:46
MSG-20251115-4663C357,ACSP,,2025-01-20T10:54:56
MSG-20251115-BA06938B,ACSP,,2025-01-09T16:45:32
MSG-20251115-76875FA0,ACSP,,2025-01-30T13:09:20
MSG-20251115-F52AC39C,RJCT,AM04,2025-01-14T10:47:46
MSG-20251115-3081CC7B,ACSP,,2025-01-18T09:56:54
MSG-20251115-24402883,ACSP,,2025-01-27T10:24:38
MSG-20251115-CBC85960,ACSP,,2025-01-12T16:30:23
MSG-20251115-1C903CF0,ACSP,,2025-01-07T09:56:02
MSG-20251115-61E10BEF,ACSP,,2025-01-12T09:19:24
MSG-20251115-DE7516FF,ACSP,,2025-01-28T11:39:03
MSG-20251115-7670C174,ACSP,,2025-01-19T16:51:14
MSG-20251115-3482A707,ACSP,,2025-01-07T15:46:34
MSG-20251115-E2DC6BD1,ACSP,,2025-01-14T13:46:08
MSG-20251115-B4F2F351,ACSP,,2025-01-09T09:46:31
MSG-20251115-3BA6EE1C,ACSP,,2025-01-02T11:28:47
MSG-20251115-0578B5CA,ACSP,,2025-01-03T10:55:17
MSG-20251115-FEFD3988,ACSP,,2025-01-07T16:22:39
MSG-20251115-DBC2B076,ACSP,,2025-01-14T15:01:39
MSG-20251115-1BB25B6D,ACSP,,2025-01-08T11:57:09
MSG-20251115-C109B2DB,ACSP,,2025-01-25T09:42:55
MSG-20251115-818365C3,ACSP,,2025-01-11T15:47:24
MSG-20251115-4E815A25,ACSP,,2025-01-10T10:42:53
MSG-20251115-677FF46D,ACSP,,2025-01-28T14:27:28
MSG-20251115-B94FBE24,ACSP,,2025-01-13T14:54:29
MSG-20251115-374F5E9D,ACSP,,2025-01-17T11:40:12
MSG-20251115-0692EB62,ACSP,,2025-01-29T10:08:50
MSG-20251115-F50153FF,ACSP,,2025-01-06T16:09:31
MSG-20251115-F15B3A38,ACSP,,2025-01-10T10:37:01
MSG-20251115-5AFE5AF6,ACSP,,2025-01-12T09:35:29
MSG-20251115-BF03B52E,RJCT,BE04,2025-01-12T16:13:55
MSG-20251115-604FA48F,ACSP,,2025-01-23T13:31:58
MSG-20251115-94B28D0E,ACSP,,2025-01-14T11:11:05
MSG-20251115-2487C001,ACSP,,2025-01-30T09:43:53
MSG-20251115-36D0F801,ACSP,,2025-01-24T15:55:42
MSG-20251115-0B08CFCB,ACSP,,2025-01-01T09:24:40
MSG-20251115-5F17A157,ACSP,,2025-01-21T10:52:33
MSG-20251115-D76DE42B,ACSP,,2025-01-06T16:17:55
MSG-20251115-D216A252,ACSP,,2025-01-07T09:12:19
MSG-20251115-EE687A64,ACSP,,2025-01-21T15:07:43
MSG-20251115-80E45E22,ACSP,,2025-01-22T16:36:08
MSG-20251115-C2821196,ACSP,,2025-01-29T16:54:19
MSG-20251115-6AB81189,ACSP,,2025-01-20T14:43:38
MSG-20251115-96F60F0C,ACSP,,2025-01-26T16:22:38
MSG-20251115-F42D05A4,ACSP,,2025-01-28T10:40:12
MSG-20251115-580B79A0,ACSP,,2025-01-06T10:26:30
MSG-20251115-F82EAB7C,ACSP,,2025-01-11T13:25:32
MSG-20251115-F24B53F7,ACSP,,2025-01-19T14:43:51
MSG-20251115-A36BA75D,ACSP,,2025-01-13T16:21:13
MSG-20251115-A21D81E2,ACSP,,2025-01-18T09:09:21
MSG-20251115-CCF221DA,RJCT,AC01,2025-01-15T10:42:41
MSG-20251115-2A62307B,ACSP,,2025-01-26T14:21:39
MSG-20251115-ED893A9F,ACSP,,2025-01-21T09:24:40
MSG-20251115-614CAA28,ACSP,,2025-01-30T16:06:44
MSG-20251115-DCA86407,ACSP,,2025-01-07T13:22:30
MSG-20251115-F949C46D,ACSP,,2025-01-28T15:48:57
MSG-20251115-E3CE3DCA,ACSP,,2025-01-27T11:53:29
MSG-20251115-62E1A3E3,ACSP,,2025-01-28T14:15:40
MSG-20251115-98D87956,ACSP,,2025-01-11T15:06:08
MSG-20251115-89619BC7,ACSP,,2025-01-15T14:58:27
MSG-20251115-9F8343AD,ACSP,,2025-01-24T09:34:26
MSG-20251115-C7287DC3,ACSP,,2025-01-25T15:47:14
MSG-20251115-513B3CE7,ACSP,,2025-01-05T11:38:55
MSG-20251115-D3D713C2,ACSP,,2025-01-18T14:12:55
MSG-20251115-4D31DB83,ACSP,,2025-01-06T09:46:18
MSG-20251115-EC30AD8D,RJCT,AC01,2025-01-06T16:04:58
MSG-20251115-06EDDBC8,ACSP,,2025-01-02T11:35:26
MSG-20251115-959CF95C,ACSP,,2025-01-04T16:36:47
MSG-20251115-0844D47A,ACSP,,2025-01-05T15:14:17
MSG-20251115-C4629237,ACSP,,2025-01-19T16:34:27
MSG-20251115-0E9E67E6,ACSP,,2025-01-03T15:27:19
MSG-20251115-185D5CE4,ACSP,,2025-01-15T10:02:52
MSG-20251115-BF27D3CC,ACSP,,2025-01-13T10:56:19
MSG-20251115-DEFE2B80,RJCT,RC01,2025-01-13T13:12:37
MSG-20251115-B5D780B3,ACSP,,2025-01-09T13:36:51
MSG-20251115-FCFF43D0,ACSP,,2025-01-14T15:38:02
MSG-20251115-0C60A15B,ACSP,,2025-01-15T16:17:24
MSG-20251115-F1546240,ACSP,,2025-01-13T11:51:06
MSG-20251115-440BF708,ACSP,,2025-01-23T16:22:25
MSG-20251115-B629F02D,ACSP,,2025-01-23T14:09:53
MSG-20251115-3E3C0EC1,ACSP,,2025-01-20T09:12:13
MSG-20251115-06300BFD,ACSP,,2025-01-22T15:00:54
MSG-20251115-DE19DBAE,ACSP,,2025-01-23T09:46:16
MSG-20251115-962F66F4,ACSP,,2025-01-23T11:30:30
MSG-20251115-DC9540DD,ACSP,,2025-01-12T16:13:43
MSG-20251115-8A7C2B0F,ACSP,,2025-01-22T13:04:31
MSG-20251115-46F6D053,ACSP,,2025-01-02T14:35:16
MSG-20251115-2D3DCA59,RJCT,AM05,2025-01-30T10:27:05
MSG-20251115-FAA99537,ACSP,,2025-01-06T09:27:47
MSG-20251115-6BA2FC9C,ACSP,,2025-01-03T13:55:40
MSG-20251115-AA5D1FB6,ACSP,,2025-01-25T10:34:23
MSG-20251115-E499C6CA,ACSP,,2025-01-20T11:43:17
MSG-20251115-D16A5E71,ACSP,,2025-01-11T16:43:26
MSG-20251115-CCF250F3,RJCT,AM04,2025-01-01T10:40:08
MSG-20251115-6B689123,ACSP,,2025-01-08T09:42:23
MSG-20251115-38F258F7,ACSP,,2025-01-02T16:25:41
MSG-20251115-E5130804,ACSP,,2025-01-08T13:40:54
MSG-20251115-CAD65B04,RJCT,AB05,2025-01-21T15:19:49
MSG-20251115-D597B043,ACSP,,2025-01-07T10:03:50
MSG-20251115-8B13961A,ACSP,,2025-01-17T11:12:49
MSG-20251115-123A9DE2,ACSP,,2025-01-02T13:09:52
MSG-20251115-856D9A28,ACSP,,2025-01-17T09:29:11
MSG-20251115-0EF2F55E,ACSP,,2025-01-14T16:41:28
MSG-20251115-4B257024,ACSP,,2025-01-28T15:33:09
MSG-20251115-86552566,ACSP,,2025-01-14T10:41:48
MSG-20251115-B54AC05F,ACSP,,2025-01-14T15:05:51
MSG-20251115-299BF08A,ACSP,,2025-01-13T14:20:56
MSG-20251115-9EAFDE4F,ACSP,,2025-01-11T16:48:49
MSG-20251115-0F738C56,ACSP,,2025-01-28T10:50:08
MSG-20251115-B362758F,ACSP,,2025-01-13T14:21:08
MSG-20251115-2F0F6FF8,ACSP,,2025-01-30T10:11:07
MSG-20251115-CB296DE0,ACSP,,2025-01-23T09:44:38
MSG-20251115-AD3F6785,ACSP,,2025-01-30T15:24:49
MSG-20251115-AF3A43E1,ACSP,,2025-01-20T14:46:45
MSG-20251115-B98A290F,ACSP,,2025-01-04T15:06:30
MSG-20251115-6CFE136D,ACSP,,2025-01-29T14:11:36
MSG-20251115-628CB293,RJCT,FF01,2025-01-19T11:50:12
MSG-20251115-BD5319B0,ACSP,,2025-01-09T13:14:30
MSG-20251115-45224841,ACSP,,2025-01-01T09:04:53
MSG-20251115-7C4150FF,ACSP,,2025-01-06T16:25:54
MSG-20251115-41426487,ACSP,,2025-01-19T15:14:35
MSG-20251115-1E4D8F53,ACSP,,2025-01-29T15:28:08
MSG-20251115-A0C7B347,ACSP,,2025-01-03T14:08:35
MSG-20251115-B9E3C03D,ACSP,,2025-01-16T13:52:13
MSG-20251115-8D546349,ACSP,,2025-01-04T16:35:45
MSG-20251115-F8D2F939,ACSP,,2025-01-16T15:23:08
MSG-20251115-F36A5ADC,ACSP,,2025-01-27T16:24:43
MSG-20251115-29B15C68,ACSP,,2025-01-26T09:00:32
MSG-20251115-EB836357,ACSP,,2025-01-28T10:19:16
MSG-20251115-CA97A6DF,ACSP,,2025-01-22T16:00:28
MSG-20251115-9E9FC4EB,ACSP,,2025-01-22T14:15:58
MSG-20251115-54CC86C0,ACSP,,2025-01-14T14:45:01
MSG-20251115-40515B3C,ACSP,,2025-01-23T16:59:23
MSG-20251115-9F9DB23A,ACSP,,2025-01-27T13:37:42
MSG-20251115-8C2A1910,ACSP,,2025-01-08T16:11:39
MSG-20251115-06E2C125,ACSP,,2025-01-30T11:26:29
MSG-20251115-284A4A56,ACSP,,2025-01-22T16:36:30
MSG-20251115-7B99E16C,ACSP,,2025-01-30T10:52:31
MSG-20251115-E3B374F8,ACSP,,2025-01-21T13:53:54
MSG-20251115-8FFAFA88,ACSP,,2025-01-10T09:07:51
MSG-20251115-9D337F57,ACSP,,2025-01-19T11:08:53
MSG-20251115-183B2858,ACSP,,2025-01-19T10:13:06
MSG-20251115-304C6540,ACSP,,2025-01-04T14:00:47
MSG-20251115-5F449B88,ACSP,,2025-01-16T13:31:26
MSG-20251115-7AFB54C7,ACSP,,2025-01-10T10:47:07
MSG-20251115-37168D84,ACSP,,2025-01-10T13:25:50
MSG-20251115-33FC7CB2,ACSP,,2025-01-23T13:03:39
MSG-20251115-730BAEC4,ACSP,,2025-01-01T10:27:00
MSG-20251115-8DA71B2D,ACSP,,2025-01-13T09:36:16
MSG-20251115-5F27100F,ACSP,,2025-01-05T11:51:40
MSG-20251115-27510CBD,ACSP,,2025-01-19T16:30:23
MSG-20251115-3716A541,ACSP,,2025-01-26T13:13:37
MSG-20251115-BD11F019,ACSP,,2025-01-13T14:46:32
MSG-20251115-902F7119,ACSP,,2025-01-04T10:44:27
MSG-20251115-B8AC5CFC,ACSP,,2025-01-04T16:27:08
MSG-20251115-316555F1,ACSP,,2025-01-25T13:54:19
MSG-20251115-4140BD0F,ACSP,,2025-01-12T09:08:29
MSG-20251115-89A8230F,ACSP,,2025-01-19T10:39:14
MSG-20251115-80C0AE00,ACSP,,2025-01-13T14:44:15
MSG-20251115-EE8E56F1,ACSP,,2025-01-03T13:58:57
MSG-20251115-DF689B06,ACSP,,2025-01-18T15:36:40
MSG-20251115-43C54FAD,ACSP,,2025-01-22T09:12:35
MSG-20251115-AD02DB80,ACSP,,2025-01-02T16:39:31
MSG-20251115-568829DD,ACSP,,2025-01-04T10:20:34
MSG-20251115-40A651E1,ACSP,,2025-01-10T09:35:34
MSG-20251115-B850EFD8,ACSP,,2025-01-17T11:41:32
MSG-20251115-94CA45D3,ACSP,,2025-01-02T16:09:51
MSG-20251115-975F740A,ACSP,,2025-01-05T13:42:36
MSG-20251115-AE2C03E8,ACSP,,2025-01-13T14:05:46
MSG-20251115-989BC888,ACSP,,2025-01-21T13:18:28
MSG-20251115-02E965ED,ACSP,,2025-01-11T15:29:52
MSG-20251115-6C84C706,ACSP,,2025-01-04T10:07:36
MSG-20251115-A001E9AF,ACSP,,2025-01-30T11:53:15
MSG-20251115-57D10882,RJCT,AB05,2025-01-04T14:15:21
MSG-20251115-134207EB,ACSP,,2025-01-19T15:55:21
MSG-20251115-93B0070A,ACSP,,2025-01-20T09:03:28
MSG-20251115-95F054F9,ACSP,,2025-01-26T13:46:20
MSG-20251115-4E50B0AA,ACSP,,2025-01-19T16:17:51
MSG-20251115-4044056E,ACSP,,2025-01-19T13:18:29
MSG-20251115-0D09A976,ACSP,,2025-01-23T14:12:37
MSG-20251115-F6DA7BB2,ACSP,,2025-01-17T13:55:41
MSG-20251115-F28B2FF3,ACSP,,2025-01-25T11:58:01
MSG-20251115-022F0516,ACSP,,2025-01-19T09:06:04
MSG-20251115-C66C8C30,ACSP,,2025-01-22T10:50:10
MSG-20251115-1F0C98C9,ACSP,,2025-01-01T10:13:04
MSG-20251115-23C58A20,ACSP,,2025-01-20T14:11:31
MSG-20251115-9249F3B9,ACSP,,2025-01-27T16:35:14
MSG-20251115-ADC75B99,ACSP,,2025-01-04T11:46:40
MSG-20251115-2FDA7A4D,ACSP,,2025-01-16T11:18:12
MSG-20251115-36C8B9DE,ACSP,,2025-01-30T13:35:28
MSG-20251115-1F067A6E,ACSP,,2025-01-01T10:31:35
MSG-20251115-CB828DEB,ACSP,,2025-01-13T11:00:52
MSG-20251115-B464E6D5,ACSP,,2025-01-04T14:00:41
MSG-20251115-D8268FA0,ACSP,,2025-01-12T14:12:34
MSG-20251115-CBA77730,ACSP,,2025-01-05T11:51:06
MSG-20251115-B5275855,ACSP,,2025-01-07T11:02:52
MSG-20251115-8CB127F7,ACSP,,2025-01-22T16:32:45
MSG-20251115-FAFE4EB7,ACSP,,2025-01-11T15:52:21
MSG-20251115-914C15D2,ACSP,,2025-01-04T15:01:29
MSG-20251115-1CB1AFED,ACSP,,2025-01-22T15:23:37
MSG-20251115-3348BA99,ACSP,,2025-01-03T15:29:26
MSG-20251115-8AB1667E,ACSP,,2025-01-25T09:59:14
MSG-20251115-3FCA1428,ACSP,,2025-01-23T15:55:34
MSG-20251115-64EE67F0,ACSP,,2025-01-04T16:27:26
MSG-20251115-7E2371EC,ACSP,,2025-01-20T16:06:31
MSG-20251115-08BDA71B,ACSP,,2025-01-11T14:32:56
MSG-20251115-D66A69C2,ACSP,,2025-01-09T11:19:23
MSG-20251115-AD1E3174,ACSP,,2025-01-01T09:45:08
MSG-20251115-FB40F23D,ACSP,,2025-01-14T16:17:32
MSG-20251115-2FE9DD6C,ACSP,,2025-01-22T10:52:45
MSG-20251115-9E25A872,ACSP,,2025-01-08T13:19:01
MSG-20251115-BFE8FBB2,ACSP,,2025-01-02T10:44:59
MSG-20251115-7B55C61E,ACSP,,2025-01-10T13:32:25
MSG-20251115-4F40C39C,ACSP,,2025-01-14T10:48:52
MSG-20251115-994C8E37,ACSP,,2025-01-30T14:04:52
MSG-20251115-71E5623E,ACSP,,2025-01-20T11:47:44
MSG-20251115-30673E5E,ACSP,,2025-01-24T15:27:10
MSG-20251115-8AD5F08E,ACSP,,2025-01-25T10:26:22
MSG-20251115-B8BF6375,ACSP,,2025-01-01T16:39:18
MSG-20251115-BC096EC2,ACSP,,2025-01-10T15:15:16
MSG-20251115-783F44BA,ACSP,,2025-01-18T16:20:02
MSG-20251115-4FF6B9E0,ACSP,,2025-01-28T15:03:50
MSG-20251115-8CB07F61,ACSP,,2025-01-21T11:43:23
MSG-20251115-DC75EC4E,ACSP,,2025-01-14T10:20:26
MSG-20251115-B1DA7FE3,ACSP,,2025-01-08T13:19:21
MSG-20251115-CCC3504B,ACSP,,2025-01-28T13:43:37
MSG-20251115-0A741DBE,ACSP,,2025-01-09T16:39:58
MSG-20251115-C443B0C2,ACSP,,2025-01-05T14:06:28
MSG-20251115-26E3E20F,RJCT,AG01,2025-01-19T14:49:52
MSG-20251115-D4CC3892,RJCT,AC01,2025-01-22T10:12:53
MSG-20251115-E261A71E,ACSP,,2025-01-04T13:36:06
MSG-20251115-5CB37180,ACSP,,2025-01-04T15:01:09
MSG-20251115-555252CA,ACSP,,2025-01-05T13:41:16
MSG-20251115-376F9A30,ACSP,,2025-01-07T16:32:53
MSG-20251115-80866E22,ACSP,,2025-01-05T16:03:59
MSG-20251115-85F802D7,ACSP,,2025-01-04T10:20:34
MSG-20251115-80C9D7FF,ACSP,,2025-01-30T16:01:47
MSG-20251115-142F8B33,ACSP,,2025-01-30T13:26:17
MSG-20251115-E63625D4,ACSP,,2025-01-10T11:05:25
MSG-20251115-79539420,ACSP,,2025-01-06T14:36:13
MSG-20251115-0DB2C09F,RJCT,AC01,2025-01-20T15:19:36
MSG-20251115-7DE6109F,ACSP,,2025-01-26T13:54:43
MSG-20251115-D77020D6,ACSP,,2025-01-11T16:26:55
MSG-20251115-CACCCB2B,ACSP,,2025-01-24T11:10:01
MSG-20251115-E26F4DBC,ACSP,,2025-01-11T14:29:02
MSG-20251115-7333CA37,ACSP,,2025-01-26T13:16:57
MSG-20251115-0A6AEE80,ACSP,,2025-01-13T09:39:58
MSG-20251115-89176F41,ACSP,,2025-01-08T11:00:25
MSG-20251115-E6DCD8B4,ACSP,,2025-01-02T11:24:43
MSG-20251115-F3918886,ACSP,,2025-01-07T15:15:36
MSG-20251115-E011228A,ACSP,,2025-01-24T09:47:33
MSG-20251115-F6028F64,ACSP,,2025-01-27T10:59:37
MSG-20251115-F41F0C99,ACSP,,2025-01-03T09:38:55
MSG-20251115-D20C64E4,ACSP,,2025-01-24T10:47:46
MSG-20251115-C2024DB6,ACSP,,2025-01-10T09:10:41
MSG-20251115-2C003F07,ACSP,,2025-01-13T15:29:02
MSG-20251115-D254AFC5,ACSP,,2025-01-23T16:29:04
MSG-20251115-73AF72B4,ACSP,,2025-01-13T10:03:57
MSG-20251115-8C19752E,ACSP,,2025-01-16T11:44:47
MSG-20251115-3878DE81,ACSP,,2025-01-21T14:13:32
MSG-20251115-315179F1,ACSP,,2025-01-08T11:11:22
MSG-20251115-11AF3FD8,ACSP,,2025-01-07T10:13:55
MSG-20251115-E6F06335,ACSP,,2025-01-02T09:21:33
MSG-20251115-D45CAA6F,ACSP,,2025-01-17T16:21:39
MSG-20251115-D0D7EC4A,ACSP,,2025-01-29T13:34:38
MSG-20251115-773E879E,ACSP,,2025-01-16T10:59:25
MSG-20251115-44B253AD,ACSP,,2025-01-29T13:06:23
MSG-20251115-BA5D83AD,ACSP,,2025-01-17T10:50:03
MSG-20251115-5E29B201,ACSP,,2025-01-11T11:24:38
MSG-20251115-77795835,ACSP,,2025-01-07T10:41:41
MSG-20251115-FF03EA36,ACSP,,2025-01-05T15:59:28
MSG-20251115-66E77D9F,ACSP,,2025-01-15T11:11:41
MSG-20251115-46F5F8A3,ACSP,,2025-01-03T09:12:14
MSG-20251115-C3850D37,ACSP,,2025-01-21T16:08:41
MSG-20251115-DFFEE58F,ACSP,,2025-01-14T15:42:37
MSG-20251115-F87BD74A,ACSP,,2025-01-03T13:28:28
MSG-20251115-E3F9CEA5,ACSP,,2025-01-24T15:16:55
MSG-20251115-8B175F1F,ACSP,,2025-01-13T16:39:09
MSG-20251115-A9CE7030,ACSP,,2025-01-12T14:32:14
MSG-20251115-DE6909CD,ACSP,,2025-01-06T13:07:32
MSG-20251115-5F048139,ACSP,,2025-01-11T10:33:14
MSG-20251115-745CF144,ACSP,,2025-01-16T16:43:48
MSG-20251115-D72ADC48,ACSP,,2025-01-30T15:24:48
MSG-20251115-7707F8BB,ACSP,,2025-01-09T11:43:37
MSG-20251115-308B44FD,ACSP,,2025-01-10T15:48:45
MSG-20251115-09B32D07,ACSP,,2025-01-27T09:06:20
MSG-20251115-6FE68D71,ACSP,,2025-01-12T14:33:04
MSG-20251115-C86F31F0,ACSP,,2025-01-12T13:39:09
MSG-20251115-FC0E5B9B,ACSP,,2025-01-24T13:39:48
MSG-20251115-D650488E,ACSP,,2025-01-05T14:10:09
MSG-20251115-96E2FF98,ACSP,,2025-01-17T13:00:26
MSG-20251115-B41F38CC,ACSP,,2025-01-02T16:51:07
MSG-20251115-EE304EF1,ACSP,,2025-01-07T11:14:30
MSG-20251115-F64AF2EE,ACSP,,2025-01-29T11:34:32
MSG-20251115-20123408,ACSP,,2025-01-12T11:56:35
MSG-20251115-8BB32CE6,ACSP,,2025-01-30T16:31:35
MSG-20251115-FAFE893D,ACSP,,2025-01-13T11:57:49
MSG-20251115-7E5709F0,ACSP,,2025-01-03T15:57:19
MSG-20251115-2DCC0AB9,ACSP,,2025-01-16T13:51:32
MSG-20251115-4C1C4B0C,ACSP,,2025-01-28T14:14:41
MSG-20251115-EFA179A8,ACSP,,2025-01-04T11:54:14
MSG-20251115-B1B1BF3F,ACSP,,2025-01-26T16:34:51
MSG-20251115-43D362D5,ACSP,,2025-01-22T16:00:37
MSG-20251115-959AD60A,ACSP,,2025-01-11T16:39:23
MSG-20251115-410B081A,ACSP,,2025-01-27T09:54:55
MSG-20251115-5D9FE3A1,ACSP,,2025-01-13T11:35:26
MSG-20251115-3756C1CF,ACSP,,2025-01-21T10:53:51
MSG-20251115-D8589AE5,ACSP,,2025-01-03T09:02:00
MSG-20251115-0A988D07,ACSP,,2025-01-20T13:37:16
MSG-20251115-274954D1,ACSP,,2025-01-21T13:53:24
MSG-20251115-200BA00C,ACSP,,2025-01-18T15:16:46
MSG-20251115-5B45F35C,ACSP,,2025-01-30T16:42:52
MSG-20251115-CF9FEB44,ACSP,,2025-01-05T11:18:04
MSG-20251115-41C8E62F,ACSP,,2025-01-13T09:33:44
MSG-20251115-1F2C8871,ACSP,,2025-01-22T14:25:38
MSG-20251115-D4067B86,ACSP,,2025-01-29T16:45:14
MSG-20251115-5FD655BE,ACSP,,2025-01-20T10:37:23
MSG-20251115-BE0FAAEF,ACSP,,2025-01-20T09:36:39
MSG-20251115-6C11C2AA,ACSP,,2025-01-04T16:02:02
MSG-20251115-5F563D00,ACSP,,2025-01-09T14:13:39
MSG-20251115-267D188F,ACSP,,2025-01-14T10:27:20
MSG-20251115-32EEA887,ACSP,,2025-01-04T10:54:23
MSG-20251115-67307145,ACSP,,2025-01-29T14:28:57
MSG-20251115-6FA78505,ACSP,,2025-01-14T16:39:00
MSG-20251115-18A2D736,ACSP,,2025-01-29T09:35:01
MSG-20251115-F3626897,ACSP,,2025-01-01T09:12:28
MSG-20251115-3BFCB262,ACSP,,2025-01-07T13:25:29
MSG-20251115-CFD6A1CC,ACSP,,2025-01-23T09:49:12
MSG-20251115-D955EE44,ACSP,,2025-01-18T09:26:27
MSG-20251115-53258365,ACSP,,2025-01-19T13:28:59
MSG-20251115-D879E438,ACSP,,2025-01-02T15:33:59
MSG-20251115-81B4A67B,ACSP,,2025-01-15T16:41:09
MSG-20251115-622EDDAC,ACSP,,2025-01-21T15:58:46
MSG-20251115-251701F0,ACSP,,2025-01-02T10:36:18
MSG-20251115-A00AC31B,ACSP,,2025-01-27T15:28:35
MSG-20251115-DE26E45C,ACSP,,2025-01-03T10:52:54
MSG-20251115-0B3EF792,ACSP,,2025-01-16T15:43:55
MSG-20251115-1BA41595,ACSP,,2025-01-02T15:01:01
MSG-20251115-4AF74843,ACSP,,2025-01-03T16:49:27
MSG-20251115-9031DFB0,ACSP,,2025-01-04T09:20:52
MSG-20251115-42B69FC6,ACSP,,2025-01-23T16:09:44
MSG-20251115-DBCC7396,ACSP,,2025-01-21T14:45:57
MSG-20251115-28592BD8,ACSP,,2025-01-09T11:52:55
MSG-20251115-2A7CF7E3,ACSP,,2025-01-12T10:57:20
MSG-20251115-21EE1217,RJCT,BE04,2025-01-07T09:46:02
MSG-20251115-270C7F51,ACSP,,2025-01-11T16:55:53
MSG-20251115-CC3BB3AC,ACSP,,2025-01-21T16:57:56
MSG-20251115-057FB496,ACSP,,2025-01-15T15:42:26
MSG-20251115-AA1FFC95,ACSP,,2025-01-14T16:47:09
MSG-20251115-88E2FAC4,ACSP,,2025-01-01T14:12:55
MSG-20251115-C8691CCE,ACSP,,2025-01-09T09:37:40
MSG-20251115-790F748E,ACSP,,2025-01-17T11:03:51
MSG-20251115-089DF797,ACSP,,2025-01-07T11:13:13
MSG-20251115-62FCC338,ACSP,,2025-01-04T13:03:36
MSG-20251115-13608264,ACSP,,2025-01-29T09:39:19
MSG-20251115-11ACF7C6,ACSP,,2025-01-29T10:48:05
MSG-20251115-6FD8145C,ACSP,,2025-01-16T16:11:57
MSG-20251115-DB9BA175,RJCT,FF01,2025-01-24T09:06:38
MSG-20251115-86759D96,ACSP,,2025-01-06T11:46:45
MSG-20251115-C5E90251,ACSP,,2025-01-22T14:29:28
MSG-20251115-B0861E58,ACSP,,2025-01-22T15:58:26
MSG-20251115-CB9AFAE6,ACSP,,2025-01-16T09:03:25
MSG-20251115-4F068E4B,ACSP,,2025-01-25T09:06:57
MSG-20251115-BA710894,ACSP,,2025-01-22T14:17:30
MSG-20251115-705CCAA7,ACSP,,2025-01-29T10:53:10
MSG-20251115-2A943219,ACSP,,2025-01-14T15:15:18
MSG-20251115-493A6CD3,ACSP,,2025-01-12T16:51:02
MSG-20251115-FCD28040,ACSP,,2025-01-29T13:46:25
MSG-20251115-D75D45F2,ACSP,,2025-01-29T11:26:59
MSG-20251115-B4E3DC39,ACSP,,2025-01-02T10:35:36
MSG-20251115-A6D1F09E,ACSP,,2025-01-19T15:54:13
MSG-20251115-08211DCC,ACSP,,2025-01-15T13:10:27
MSG-20251115-5C2B9DC1,ACSP,,2025-01-16T11:04:42
MSG-20251115-AA3E3DE1,ACSP,,2025-01-02T14:21:09
MSG-20251115-2E7627ED,ACSP,,2025-01-09T16:23:58
MSG-20251115-B064576D,ACSP,,2025-01-03T13:18:35
MSG-20251115-52569BC1,ACSP,,2025-01-02T14:24:32
MSG-20251115-863BCDEA,ACSP,,2025-01-20T11:11:59
MSG-20251115-EF33DA0A,ACSP,,2025-01-22T15:13:43
MSG-20251115-D2347F4C,ACSP,,2025-01-03T11:38:51
MSG-20251115-F2008D92,ACSP,,2025-01-05T10:30:26
MSG-20251115-A6005829,ACSP,,2025-01-12T14:31:59
MSG-20251115-B80E4AFD,RJCT,BE04,2025-01-03T15:09:46
MSG-20251115-F781D1DD,ACSP,,2025-01-02T15:57:58
MSG-20251115-9E4FD940,ACSP,,2025-01-27T09:05:47
MSG-20251115-BCA21EE4,ACSP,,2025-01-27T11:38:40
MSG-20251115-2463EF80,ACSP,,2025-01-23T16:35:26
MSG-20251115-CA3C343E,ACSP,,2025-01-29T13:43:42
MSG-20251115-43D2F89E,ACSP,,2025-01-20T13:13:44
MSG-20251115-7FFBD35C,ACSP,,2025-01-08T16:07:20
MSG-20251115-90DD52B2,ACSP,,2025-01-30T09:20:38
MSG-20251115-F72EFE90,ACSP,,2025-01-28T13:42:19
MSG-20251115-3F92E056,ACSP,,2025-01-27T13:45:03
MSG-20251115-A4500411,ACSP,,2025-01-16T11:19:46
MSG-20251115-0FC4EC22,ACSP,,2025-01-13T14:47:38
MSG-20251115-4C79733F,ACSP,,2025-01-10T14:08:30
MSG-20251115-AF2F4BAF,ACSP,,2025-01-02T11:09:48
MSG-20251115-0303D578,ACSP,,2025-01-12T13:36:04
MSG-20251115-D53B51B5,ACSP,,2025-01-21T13:38:42
MSG-20251115-2CF5EAEB,ACSP,,2025-01-30T14:04:48
MSG-20251115-EC00B15C,ACSP,,2025-01-05T13:22:21
MSG-20251115-AD6A36D5,ACSP,,2025-01-02T09:58:16
MSG-20251115-A6C739D0,ACSP,,2025-01-30T13:32:49
MSG-20251115-B820CD1F,ACSP,,2025-01-24T14:51:48
MSG-20251115-5CE34716,ACSP,,2025-01-28T13:05:11
MSG-20251115-04F135AF,ACSP,,2025-01-11T09:47:51
MSG-20251115-01872E04,ACSP,,2025-01-09T14:30:03
MSG-20251115-5C078B5B,ACSP,,2025-01-27T10:55:20
MSG-20251115-FA998285,ACSP,,2025-01-02T15:09:50
MSG-20251115-3DD6CF7B,ACSP,,2025-01-22T13:50:02
MSG-20251115-22527571,ACSP,,2025-01-17T11:24:28
MSG-20251115-C3A89233,ACSP,,2025-01-21T14:59:55
MSG-20251115-901469A8,ACSP,,2025-01-04T14:15:49
MSG-20251115-B3A44A5B,ACSP,,2025-01-13T13:24:39
MSG-20251115-38734007,ACSP,,2025-01-13T10:03:58
MSG-20251115-F9E6CD5A,ACSP,,2025-01-11T14:18:08
MSG-20251115-F9E085E9,RJCT,AC01,2025-01-18T15:50:17
MSG-20251115-22E867DF,ACSP,,2025-01-03T14:41:00
MSG-20251115-8DE3350E,ACSP,,2025-01-24T09:07:22
MSG-20251115-F9C2369B,ACSP,,2025-01-16T11:53:32
MSG-20251115-B59DBC85,ACSP,,2025-01-22T13:50:28
MSG-20251115-8A7A76EA,RJCT,MD07,2025-01-14T13:29:18
MSG-20251115-4E341320,ACSP,,2025-01-07T11:29:49
MSG-20251115-813B2882,ACSP,,2025-01-14T13:51:27
MSG-20251115-198F5BF8,ACSP,,2025-01-03T09:08:40
MSG-20251115-36D16505,ACSP,,2025-01-10T16:41:41
MSG-20251115-8B2162C8,ACSP,,2025-01-09T10:14:23
MSG-20251115-49F6C14F,ACSP,,2025-01-12T15:37:50
MSG-20251115-FAFB389A,ACSP,,2025-01-02T11:28:18
MSG-20251115-E099E380,ACSP,,2025-01-10T13:37:58
MSG-20251115-0B3C3960,ACSP,,2025-01-08T13:30:22
MSG-20251115-AF3CDD87,ACSP,,2025-01-09T11:40:20
MSG-20251115-2482E6A3,ACSP,,2025-01-28T10:26:32
MSG-20251115-2D98184A,ACSP,,2025-01-08T16:26:08
MSG-20251115-639E0E1D,ACSP,,2025-01-18T15:24:00
MSG-20251115-F6B4A9A1,ACSP,,2025-01-11T13:56:44
MSG-20251115-A56DE400,ACSP,,2025-01-18T14:49:26
MSG-20251115-E81F27B5,ACSP,,2025-01-06T14:32:09
MSG-20251115-06CC1A42,ACSP,,2025-01-03T16:52:56
MSG-20251115-40815183,ACSP,,2025-01-12T11:45:15
MSG-20251115-801E2EED,ACSP,,2025-01-28T16:30:34
MSG-20251115-BEE007F9,ACSP,,2025-01-16T13:57:50
MSG-20251115-EC9A1498,ACSP,,2025-01-29T10:37:50
MSG-20251115-74F77C43,ACSP,,2025-01-28T14:08:49
MSG-20251115-C1CEE1CF,ACSP,,2025-01-04T13:02:57
MSG-20251115-56572AF7,ACSP,,2025-01-02T13:17:50
MSG-20251115-C44539BE,ACSP,,2025-01-18T13:03:23
MSG-20251115-F26B8899,ACSP,,2025-01-17T09:16:13
MSG-20251115-C31493EA,ACSP,,2025-01-21T14:59:55
MSG-20251115-39946C71,ACSP,,2025-01-14T13:25:45
MSG-20251115-9E8A4CBA,ACSP,,2025-01-10T16:40:37
MSG-20251115-0601B41D,ACSP,,2025-01-07T14:56:58
MSG-20251115-2487432B,ACSP,,2025-01-03T16:38:43
MSG-20251115-D100268B,ACSP,,2025-01-20T14:45:06
MSG-20251115-9EBDC416,ACSP,,2025-01-30T16:22:34
MSG-20251115-43B185F6,ACSP,,2025-01-15T13:28:16
MSG-20251115-7427D239,ACSP,,2025-01-21T14:41:30
MSG-20251115-CD9C7806,ACSP,,2025-01-30T10:16:46
MSG-20251115-564DDBB4,ACSP,,2025-01-11T09:05:53
MSG-20251115-089475FE,ACSP,,2025-01-29T17:00:07
MSG-20251115-2EA2FA76,ACSP,,2025-01-24T09:08:54
MSG-20251115-6180C0FF,ACSP,,2025-01-17T15:36:20
MSG-20251115-2E6E1447,ACSP,,2025-01-04T11:56:36
MSG-20251115-585BB878,ACSP,,2025-01-15T14:43:11
MSG-20251115-A41047FF,ACSP,,2025-01-24T15:40:20
MSG-20251115-D641FD33,ACSP,,2025-01-13T11:29:58
MSG-20251115-D8CCED79,ACSP,,2025-01-08T11:33:41
MSG-20251115-A0BD5F5D,ACSP,,2025-01-11T14:21:55
MSG-20251115-0AB544AE,ACSP,,2025-01-17T11:39:26
MSG-20251115-D530E580,ACSP,,2025-01-10T11:33:17
MSG-20251115-49A1D674,ACSP,,2025-01-30T16:45:42
MSG-20251115-6F23C540,ACSP,,2025-01-20T09:37:03
MSG-20251115-E9071891,ACSP,,2025-01-07T11:39:10
MSG-20251115-004E1493,ACSP,,2025-01-30T09:48:56
MSG-20251115-33116CF1,ACSP,,2025-01-03T15:09:29
MSG-20251115-6BAE29CD,ACSP,,2025-01-11T16:34:42
MSG-20251115-B917D7EE,ACSP,,2025-01-29T09:29:40
MSG-20251115-730CF191,ACSP,,2025-01-08T16:40:17
MSG-20251115-AC981831,ACSP,,2025-01-16T15:12:51
MSG-20251115-861298B3,ACSP,,2025-01-01T14:04:43
MSG-20251115-0B76F879,ACSP,,2025-01-14T13:17:59
MSG-20251115-9FD99963,ACSP,,2025-01-16T10:45:04
MSG-20251115-57ED5107,ACSP,,2025-01-16T15:43:07
MSG-20251115-D2D6CBAD,ACSP,,2025-01-04T15:52:16
MSG-20251115-378A7D0F,ACSP,,2025-01-04T16:31:55
MSG-20251115-C4A39E27,ACSP,,2025-01-27T15:59:14
MSG-20251115-97BCCF4D,ACSP,,2025-01-17T16:58:24
MSG-20251115-390B0C92,ACSP,,2025-01-14T14:55:14
MSG-20251115-D1A7FAAC,ACSP,,2025-01-24T16:23:17
MSG-20251115-C290D315,ACSP,,2025-01-18T16:53:17
MSG-20251115-07A12A0B,ACSP,,2025-01-24T09:54:47
MSG-20251115-D0647841,ACSP,,2025-01-21T09:35:42
MSG-20251115-B8EDCDBB,ACSP,,2025-01-10T15:11:12
MSG-20251115-D6D8EAB3,ACSP,,2025-01-02T15:01:39
MSG-20251115-DA3FFBFE,ACSP,,2025-01-06T11:20:52
MSG-20251115-F3FA193E,ACSP,,2025-01-09T13:08:42
MSG-20251115-2A8183FB,ACSP,,2025-01-03T09:34:41
MSG-20251115-E8882C40,ACSP,,2025-01-24T10:54:20
MSG-20251115-E6A1A767,ACSP,,2025-01-14T10:51:04
MSG-20251115-CC8E61EC,ACSP,,2025-01-21T10:32:25
MSG-20251115-6688C1AF,ACSP,,2025-01-16T11:48:15
MSG-20251115-1148F16C,ACSP,,2025-01-12T15:37:32
MSG-20251115-52AE2239,RJCT,AG01,2025-01-25T16:30:45
MSG-20251115-0CDA4D96,ACSP,,2025-01-05T15:43:19
MSG-20251115-2A42842A,ACSP,,2025-01-03T16:27:48
MSG-20251115-6B39FA38,ACSP,,2025-01-25T14:17:23
MSG-20251115-056ABDD7,ACSP,,2025-01-23T10:40:54
MSG-20251115-066C91C0,ACSP,,2025-01-11T13:16:15
MSG-20251115-9B6914EA,ACSP,,2025-01-23T09:25:50
MSG-20251115-D47804F1,ACSP,,2025-01-07T14:59:37
MSG-20251115-3CF28464,ACSP,,2025-01-05T14:00:00
MSG-20251115-E7D52954,ACSP,,2025-01-10T13:46:31
MSG-20251115-D7272B70,ACSP,,2025-01-10T10:46:46
MSG-20251115-D02914A8,ACSP,,2025-01-07T11:50:59
MSG-20251115-6FA11C6B,ACSP,,2025-01-11T14:12:34
MSG-20251115-2FE51EA4,ACSP,,2025-01-07T13:06:30
MSG-20251115-45A90997,ACSP,,2025-01-03T11:43:31
MSG-20251115-9654064B,ACSP,,2025-01-10T15:59:20
MSG-20251115-BBA8448A,ACSP,,2025-01-18T10:43:53
MSG-20251115-66AB2C82,ACSP,,2025-01-09T16:18:09
MSG-20251115-FDF24160,ACSP,,2025-01-19T15:58:26
MSG-20251115-8F80B992,ACSP,,2025-01-01T15:15:52
MSG-20251115-24601C18,ACSP,,2025-01-16T15:00:15
MSG-20251115-D4B96AF7,ACSP,,2025-01-14T13:32:15
MSG-20251115-C3488C70,ACSP,,2025-01-13T15:26:30
MSG-20251115-CE466C7F,ACSP,,2025-01-29T10:57:47
MSG-20251115-ACBA0A90,ACSP,,2025-01-18T14:33:42
MSG-20251115-FBF88B20,ACSP,,2025-01-06T09:59:18
MSG-20251115-0910F846,ACSP,,2025-01-07T10:38:31
MSG-20251115-69A5ACB1,ACSP,,2025-01-15T11:36:12
MSG-20251115-CF8C86DE,ACSP,,2025-01-30T11:34:21
MSG-20251115-26EB4545,ACSP,,2025-01-02T13:48:21
MSG-20251115-850A8CDE,ACSP,,2025-01-28T13:32:24
MSG-20251115-BD4EA106,ACSP,,2025-01-12T09:42:01
MSG-20251115-58F39E26,ACSP,,2025-01-03T14:57:14
MSG-20251115-0B4F6F16,ACSP,,2025-01-04T15:37:20
MSG-20251115-E63C5A81,ACSP,,2025-01-27T13:58:07
MSG-20251115-85AB88D6,ACSP,,2025-01-14T15:45:50
MSG-20251115-34BE735D,ACSP,,2025-01-03T16:30:33
MSG-20251115-EE844755,ACSP,,2025-01-21T13:57:49
MSG-20251115-29C26D5D,ACSP,,2025-01-15T10:57:06
MSG-20251115-C9B55C63,ACSP,,2025-01-30T09:12:28
MSG-20251115-4B33C92A,ACSP,,2025-01-26T09:14:57
MSG-20251115-1C6C8CE9,ACSP,,2025-01-27T13:44:04
MSG-20251115-E5F71BC8,ACSP,,2025-01-09T16:38:49
MSG-20251115-5E6C866D,ACSP,,2025-01-06T11:17:47
MSG-20251115-E42ABAF6,ACSP,,2025-01-12T15:43:59
MSG-20251115-DFBBF484,ACSP,,2025-01-05T10:38:57
MSG-20251115-24443DFB,ACSP,,2025-01-11T13:34:24
MSG-20251115-5C3C36BF,ACSP,,2025-01-07T14:17:54
MSG-20251115-E28FCD8B,ACSP,,2025-01-05T14:40:20
MSG-20251115-99DABA76,ACSP,,2025-01-23T09:43:06
MSG-20251115-501E1C0F,ACSP,,2025-01-21T09:13:04
MSG-20251115-DFCA69FE,ACSP,,2025-01-15T15:42:09
MSG-20251115-C31BB280,ACSP,,2025-01-09T13:25:47
MSG-20251115-398C3DF4,ACSP,,2025-01-30T16:52:08
MSG-20251115-366D00DC,ACSP,,2025-01-19T09:11:15
MSG-20251115-02927724,ACSP,,2025-01-22T11:53:50
MSG-20251115-5F0C3B78,ACSP,,2025-01-15T14:11:31
MSG-20251115-F0D4A15B,RJCT,AM05,2025-01-10T09:12:55
MSG-20251115-0CA98A2F,ACSP,,2025-01-22T10:57:55
MSG-20251115-BAF0B158,ACSP,,2025-01-18T13:26:56
MSG-20251115-1B54F95E,ACSP,,2025-01-25T09:26:36
MSG-20251115-C7F6E669,ACSP,,2025-01-29T11:56:14
MSG-20251115-5D5523A9,ACSP,,2025-01-16T13:50:46
MSG-20251115-FC0B03A5,ACSP,,2025-01-12T11:23:29
MSG-20251115-C1F817EA,ACSP,,2025-01-21T16:09:39
MSG-20251115-4F7FC61A,ACSP,,2025-01-11T14:44:45
MSG-20251115-791A091B,ACSP,,2025-01-02T11:29:01
MSG-20251115-93D83975,RJCT,AM04,2025-01-26T09:23:52
MSG-20251115-DD1CFD8B,ACSP,,2025-01-06T11:09:03
MSG-20251115-31F58099,ACSP,,2025-01-21T13:27:37
MSG-20251115-5BB5936E,ACSP,,2025-01-17T11:53:33
MSG-20251115-FB34A26C,ACSP,,2025-01-14T10:52:02
MSG-20251115-A74CDEC8,ACSP,,2025-01-17T15:41:58
MSG-20251115-B12AD4B1,ACSP,,2025-01-04T15:33:40
MSG-20251115-7C95EFC0,ACSP,,2025-01-14T11:46:09
MSG-20251115-879DD954,ACSP,,2025-01-14T09:30:30
MSG-20251115-67E83098,ACSP,,2025-01-24T09:36:22
MSG-20251115-6F653777,ACSP,,2025-01-24T16:43:30
MSG-20251115-8E07654B,ACSP,,2025-01-30T15:57:16
MSG-20251115-683073A3,ACSP,,2025-01-12T09:10:02
MSG-20251115-246E3BF3,ACSP,,2025-01-30T13:51:19
MSG-20251115-503EB579,ACSP,,2025-01-27T14:08:13
MSG-20251115-C6B71C55,ACSP,,2025-01-19T14:14:48
MSG-20251115-19C391B3,ACSP,,2025-01-20T14:12:39
MSG-20251115-B9E3B25E,ACSP,,2025-01-26T14:45:03
MSG-20251115-191CC0A6,RJCT,AC01,2025-01-08T16:01:19
MSG-20251115-8B448EFA,ACSP,,2025-01-19T14:43:30
MSG-20251115-4CE17282,ACSP,,2025-01-11T11:23:39
MSG-20251115-9E46A269,ACSP,,2025-01-18T13:11:39
MSG-20251115-5163303E,ACSP,,2025-01-18T11:05:55
MSG-20251115-E1F2F4BE,ACSP,,2025-01-22T14:02:11
MSG-20251115-AE39F9B9,ACSP,,2025-01-25T09:51:21
MSG-20251115-2BE18696,ACSP,,2025-01-13T10:58:01
MSG-20251115-07BE98C4,ACSP,,2025-01-06T15:10:55
MSG-20251115-FFEB5314,ACSP,,2025-01-29T10:19:06
MSG-20251115-92CE9DC9,ACSP,,2025-01-17T10:36:33
MSG-20251115-B2D6E896,ACSP,,2025-01-10T15:30:54
MSG-20251115-D1811188,RJCT,AC01,2025-01-21T16:46:49
MSG-20251115-279FB7CF,RJCT,AC01,2025-01-07T13:02:10
MSG-20251115-A28E9627,ACSP,,2025-01-01T11:41:47
MSG-20251115-C30DEF03,RJCT,BE04,2025-01-01T13:41:13
MSG-20251115-51CC890F,ACSP,,2025-01-15T11:49:40
MSG-20251115-557A13FF,RJCT,MD07,2025-01-05T11:04:41
MSG-20251115-C6ED4559,ACSP,,2025-01-08T15:12:23
MSG-20251115-E2842E6D,ACSP,,2025-01-28T16:16:44
MSG-20251115-38590FED,ACSP,,2025-01-28T14:05:01
MSG-20251115-CFE8CBCD,ACSP,,2025-01-15T14:56:40
MSG-20251115-E1AC86DC,ACSP,,2025-01-13T13:35:06
MSG-20251115-E584952C,ACSP,,2025-01-28T11:51:56
MSG-20251115-E9D03B11,ACSP,,2025-01-05T16:54:35
MSG-20251115-1ED2F352,ACSP,,2025-01-29T13:33:41
MSG-20251115-6F3AC79B,ACSP,,2025-01-26T14:47:58
MSG-20251115-081AED68,ACSP,,2025-01-17T11:01:53
MSG-20251115-4993F4F8,ACSP,,2025-01-23T16:39:01
MSG-20251115-6FF6EA9F,ACSP,,2025-01-24T15:47:33
MSG-20251115-CDF7199F,ACSP,,2025-01-21T16:02:05
MSG-20251115-51F462D5,ACSP,,2025-01-24T10:50:57
MSG-20251115-BF0580EE,ACSP,,2025-01-19T15:34:29
MSG-20251115-A3CB6238,ACSP,,2025-01-28T10:33:02
MSG-20251115-56F2077A,ACSP,,2025-01-11T16:21:16
MSG-20251115-F4CF237D,ACSP,,2025-01-12T14:31:27
MSG-20251115-893C2F94,ACSP,,2025-01-12T13:02:34
MSG-20251115-F38C8F4C,ACSP,,2025-01-26T09:30:43
MSG-20251115-A3817ADC,ACSP,,2025-01-08T13:49:06
MSG-20251115-2D6C32DE,ACSP,,2025-01-03T13:13:00
MSG-20251115-6E648891,ACSP,,2025-01-07T16:16:41
MSG-20251115-C984794D,ACSP,,2025-01-26T13:05:06
MSG-20251115-E1A57E1B,RJCT,BE04,2025-01-04T10:40:32
MSG-20251115-8A1E90F3,ACSP,,2025-01-24T14:53:22
MSG-20251115-2E4DACAE,ACSP,,2025-01-09T15:28:05
MSG-20251115-BF173BCE,ACSP,,2025-01-17T11:44:17
MSG-20251115-E592ADC1,ACSP,,2025-01-22T10:34:26
MSG-20251115-02E17A55,ACSP,,2025-01-01T11:34:51
MSG-20251115-9B38C64C,ACSP,,2025-01-04T15:30:34
MSG-20251115-F5824A26,RJCT,FF01,2025-01-25T16:14:48
MSG-20251115-D1DDE58A,ACSP,,2025-01-22T11:41:51
MSG-20251115-8588125C,ACSP,,2025-01-28T16:41:55
MSG-20251115-03F24412,ACSP,,2025-01-25T13:18:42
MSG-20251115-F7C3C42C,ACSP,,2025-01-05T11:22:50
MSG-20251115-48D24251,ACSP,,2025-01-14T10:27:05
MSG-20251115-DEB0CC83,ACSP,,2025-01-12T13:55:16
MSG-20251115-DBB25D0E,ACSP,,2025-01-07T13:48:56
MSG-20251115-EB98E452,ACSP,,2025-01-26T14:22:32
MSG-20251115-8538478D,ACSP,,2025-01-28T11:07:37
MSG-20251115-2E242B0C,ACSP,,2025-01-02T15:45:06
MSG-20251115-5B86F9FC,RJCT,AM04,2025-01-04T09:43:51
MSG-20251115-7CA0A86E,ACSP,,2025-01-16T16:51:22
MSG-20251115-0E824BEA,ACSP,,2025-01-19T11:39:25
MSG-20251115-DF520AE1,ACSP,,2025-01-18T10:55:52
MSG-20251115-FEADB8EC,ACSP,,2025-01-28T11:52:52
MSG-20251115-07649E46,ACSP,,2025-01-12T11:13:47
MSG-20251115-40154616,ACSP,,2025-01-04T13:28:06
MSG-20251115-51E21FBE,ACSP,,2025-01-30T10:25:42
MSG-20251115-E537079D,ACSP,,2025-01-19T11:43:33
MSG-20251115-F58D6308,ACSP,,2025-01-26T10:57:52
MSG-20251115-C0BBA060,ACSP,,2025-01-27T11:32:06
MSG-20251115-6B762BBB,ACSP,,2025-01-15T10:53:35
MSG-20251115-FEA48FC6,ACSP,,2025-01-01T10:56:51
MSG-20251115-A9C74CB9,ACSP,,2025-01-09T15:15:28
MSG-20251115-EEBA9924,ACSP,,2025-01-29T13:59:14
MSG-20251115-54DD8839,ACSP,,2025-01-06T09:02:06
MSG-20251115-9C013564,ACSP,,2025-01-28T11:16:02
MSG-20251115-7DA88EC8,ACSP,,2025-01-08T16:52:47
MSG-20251115-825982D2,ACSP,,2025-01-01T14:59:21
MSG-20251115-CA27833E,ACSP,,2025-01-07T16:52:40
MSG-20251115-5B98960D,ACSP,,2025-01-25T16:08:28
MSG-20251115-87B8CF6A,RJCT,AC01,2025-01-07T09:54:49
MSG-20251115-FAEA6787,ACSP,,2025-01-01T09:26:09
MSG-20251115-26A782FE,ACSP,,2025-01-10T15:04:30
MSG-20251115-C9AB879C,ACSP,,2025-01-29T14:01:13
MSG-20251115-339B4C33,ACSP,,2025-01-19T09:08:58
MSG-20251115-853F6383,ACSP,,2025-01-20T15:14:28
MSG-20251115-27FE69A1,ACSP,,2025-01-06T16:35:28
MSG-20251115-66D65ED0,ACSP,,2025-01-16T16:21:07
MSG-20251115-454F9EAD,ACSP,,2025-01-26T09:22:50
MSG-20251115-52F7A6F3,ACSP,,2025-01-02T10:26:01
MSG-20251115-97FE4255,ACSP,,2025-01-29T16:06:22
MSG-20251115-7A3D3170,ACSP,,2025-01-28T10:30:17
MSG-20251115-4C933935,ACSP,,2025-01-11T13:37:01
MSG-20251115-50035FF4,ACSP,,2025-01-08T10:09:03
MSG-20251115-77BDB488,ACSP,,2025-01-10T10:07:30
MSG-20251115-F4818F8F,ACSP,,2025-01-23T14:45:41
MSG-20251115-D6249567,ACSP,,2025-01-14T11:45:23
MSG-20251115-639588B0,ACSP,,2025-01-26T16:12:35
MSG-20251115-5F894633,ACSP,,2025-01-06T14:22:17
MSG-20251115-E2680DE0,RJCT,AC01,2025-01-15T16:31:01
MSG-20251115-1FCC66B0,ACSP,,2025-01-11T16:17:43
MSG-20251115-46A1F842,ACSP,,2025-01-22T15:23:37
MSG-20251115-05054F61,ACSP,,2025-01-18T16:06:40
MSG-20251115-CB01AB90,ACSP,,2025-01-05T15:23:49
MSG-20251115-77CA08D1,ACSP,,2025-01-27T10:13:24
MSG-20251115-C178C1CB,RJCT,RC01,2025-01-17T10:53:28
MSG-20251115-DC14D58B,ACSP,,2025-01-23T10:11:33
MSG-20251115-CE344971,ACSP,,2025-01-18T10:29:00
MSG-20251115-0323BFB4,ACSP,,2025-01-29T10:28:54
MSG-20251115-8A74CFFB,RJCT,AC01,2025-01-03T11:48:30
MSG-20251115-D0874F6F,ACSP,,2025-01-25T14:09:38
MSG-20251115-836B01EA,ACSP,,2025-01-21T14:26:48
MSG-20251115-FF6CB034,ACSP,,2025-01-09T16:27:35
MSG-20251115-9C35A895,ACSP,,2025-01-01T13:08:13
MSG-20251115-31A5F7DB,ACSP,,2025-01-22T14:20:30
MSG-20251115-CE1614C9,ACSP,,2025-01-29T15:49:23
MSG-20251115-504F699C,ACSP,,2025-01-04T13:31:53
MSG-20251115-72442635,ACSP,,2025-01-08T10:07:11
MSG-20251115-C0A067F6,ACSP,,2025-01-14T09:43:45
MSG-20251115-83D74782,ACSP,,2025-01-14T13:57:06
MSG-20251115-CA19B5CF,ACSP,,2025-01-19T14:15:18
MSG-20251115-19B452C3,ACSP,,2025-01-18T10:57:15
MSG-20251115-D98DC99E,ACSP,,2025-01-20T09:40:30
MSG-20251115-EB5AEE0A,ACSP,,2025-01-19T13:48:41
MSG-20251115-284AB771,ACSP,,2025-01-28T14:39:20
MSG-20251115-176B44BA,ACSP,,2025-01-19T16:01:56
MSG-20251115-167E5418,ACSP,,2025-01-28T11:24:30
MSG-20251115-D683AACA,ACSP,,2025-01-26T09:22:18
MSG-20251115-E4CCABC7,ACSP,,2025-01-24T14:51:42
MSG-20251115-0875B31D,ACSP,,2025-01-20T10:50:31
MSG-20251115-92D57677,ACSP,,2025-01-21T14:21:37
MSG-20251115-6D12E393,ACSP,,2025-01-09T15:48:30
MSG-20251115-0397BEA4,RJCT,BE04,2025-01-06T11:01:15
MSG-20251115-4FD76A8C,ACSP,,2025-01-13T10:47:49
MSG-20251115-DDE87918,ACSP,,2025-01-05T13:23:30
MSG-20251115-D450EAE6,ACSP,,2025-01-20T10:05:44
MSG-20251115-09916BAD,ACSP,,2025-01-22T11:02:03
MSG-20251115-8C8F2AF3,ACSP,,2025-01-15T13:55:32
MSG-20251115-EEFF9AB1,ACSP,,2025-01-27T14:28:31
MSG-20251115-33C10370,ACSP,,2025-01-28T10:39:54
MSG-20251115-C5F45881,ACSP,,2025-01-14T11:25:07
MSG-20251115-703EE8A9,ACSP,,2025-01-28T15:48:11
MSG-20251115-D1CBBC93,ACSP,,2025-01-04T15:56:35
MSG-20251115-6940C0C7,ACSP,,2025-01-19T15:03:54
MSG-20251115-645BE774,ACSP,,2025-01-01T10:30:55
MSG-20251115-05CE520B,ACSP,,2025-01-03T13:24:21
MSG-20251115-8FC8B42D,ACSP,,2025-01-14T13:52:28
MSG-20251115-1E8079AF,ACSP,,2025-01-11T16:39:09
MSG-20251115-606D1F79,ACSP,,2025-01-20T09:48:55
MSG-20251115-0C7180E5,ACSP,,2025-01-17T14:50:10
MSG-20251115-23F957FC,ACSP,,2025-01-01T13:34:07
MSG-20251115-D4403CBC,ACSP,,2025-01-26T14:26:04
MSG-20251115-7DED3DAA,ACSP,,2025-01-10T11:12:22
MSG-20251115-0D2E1247,ACSP,,2025-01-09T14:13:57
MSG-20251115-0F468287,ACSP,,2025-01-25T09:35:58
MSG-20251115-3FB1F869,ACSP,,2025-01-22T11:06:40
MSG-20251115-CF3B3DA4,ACSP,,2025-01-13T11:02:13
MSG-20251115-C1C6651E,ACSP,,2025-01-06T10:14:55
MSG-20251115-1FBD4E79,ACSP,,2025-01-19T16:30:16
MSG-20251115-9F550FAF,ACSP,,2025-01-20T09:36:55
MSG-20251115-9746C803,ACSP,,2025-01-19T10:11:42
MSG-20251115-B7860319,RJCT,AC01,2025-01-30T13:37:30
MSG-20251115-F45C682A,ACSP,,2025-01-12T16:16:24
MSG-20251115-598BB2AB,ACSP,,2025-01-30T14:55:28
MSG-20251115-C59CFB81,ACSP,,2025-01-30T10:38:42
MSG-20251115-F758D89F,ACSP,,2025-01-11T16:30:35
MSG-20251115-BDA5D3BD,RJCT,AC01,2025-01-13T09:33:38
MSG-20251115-810ABBB0,ACSP,,2025-01-10T14:53:58
MSG-20251115-1E14276B,ACSP,,2025-01-10T10:51:10
MSG-20251115-94E3ED32,ACSP,,2025-01-02T11:26:27
MSG-20251115-921DC0F9,ACSP,,2025-01-17T11:46:33
MSG-20251115-DDE11E90,ACSP,,2025-01-29T16:48:42
MSG-20251115-40BD3AA3,ACSP,,2025-01-02T14:14:12
MSG-20251115-12A6AFA9,ACSP,,2025-01-06T14:56:26
MSG-20251115-288D322F,ACSP,,2025-01-05T10:17:02
MSG-20251115-52E7B77D,ACSP,,2025-01-07T13:50:19
MSG-20251115-5E79035E,ACSP,,2025-01-13T11:57:51
MSG-20251115-C14DB10A,ACSP,,2025-01-23T15:30:56
MSG-20251115-339851E8,ACSP,,2025-01-29T15:33:41
MSG-20251115-59C2FA8B,ACSP,,2025-01-10T10:19:45
MSG-20251115-2E3F965A,ACSP,,2025-01-03T10:57:50
MSG-20251115-814A97FC,ACSP,,2025-01-04T09:15:45
MSG-20251115-FC0993A6,ACSP,,2025-01-14T10:25:27
MSG-20251115-A8B6D2AC,ACSP,,2025-01-25T16:49:47
MSG-20251115-D868445D,ACSP,,2025-01-30T16:24:06
MSG-20251115-CE45AA43,ACSP,,2025-01-05T11:34:39
MSG-20251115-476215CC,ACSP,,2025-01-01T15:30:15
MSG-20251115-AF58A135,RJCT,AM04,2025-01-18T11:03:55
MSG-20251115-03A2E7D9,RJCT,AM04,2025-01-24T11:25:31
MSG-20251115-36190C16,ACSP,,2025-01-01T10:04:05
MSG-20251115-45C1E735,ACSP,,2025-01-01T13:56:28
MSG-20251115-32F0AEE3,ACSP,,2025-01-30T13:16:23
MSG-20251115-8D3F741C,ACSP,,2025-01-30T16:31:05
MSG-20251115-7F3AF846,ACSP,,2025-01-09T16:25:13
MSG-20251115-7E615A18,ACSP,,2025-01-15T14:48:40
MSG-20251115-7B3A1CC5,ACSP,,2025-01-13T14:28:47
MSG-20251115-64C8BB19,ACSP,,2025-01-11T11:45:45
MSG-20251115-DD6F217A,ACSP,,2025-01-23T16:38:59
MSG-20251115-A962C121,ACSP,,2025-01-07T14:09:56
MSG-20251115-256C1A89,ACSP,,2025-01-02T16:14:54
MSG-20251115-9A84DA64,ACSP,,2025-01-06T14:01:51
MSG-20251115-7A9871DE,ACSP,,2025-01-24T13:38:31
MSG-20251115-32DD8CD6,ACSP,,2025-01-14T11:32:07
MSG-20251115-628E23CD,ACSP,,2025-01-22T09:53:57
MSG-20251115-4DFCA8E9,ACSP,,2025-01-28T09:21:25
MSG-20251115-10D8F0CD,ACSP,,2025-01-12T10:21:34
MSG-20251115-71A2BC72,ACSP,,2025-01-10T09:55:02
MSG-20251115-2A00C445,ACSP,,2025-01-04T10:42:31
MSG-20251115-E3230819,ACSP,,2025-01-23T15:17:02
MSG-20251115-0CAB43CF,ACSP,,2025-01-29T14:32:36
MSG-20251115-F2D73A74,ACSP,,2025-01-19T10:12:27
MSG-20251115-326C8434,ACSP,,2025-01-29T11:05:02
MSG-20251115-400AD57F,ACSP,,2025-01-04T15:45:51
MSG-20251115-2EDCBC58,ACSP,,2025-01-20T15:34:00
MSG-20251115-EC25D386,ACSP,,2025-01-17T11:35:45
MSG-20251115-4276E456,ACSP,,2025-01-23T11:17:59
MSG-20251115-BCB4DE63,ACSP,,2025-01-11T10:02:15
MSG-20251115-4FBB7361,ACSP,,2025-01-07T14:25:59
MSG-20251115-7F4DC40F,ACSP,,2025-01-11T11:55:07
MSG-20251115-95CB3FE8,ACSP,,2025-01-24T11:37:48
MSG-20251115-A2782A02,ACSP,,2025-01-26T13:21:47
MSG-20251115-7F7BB1D3,ACSP,,2025-01-03T16:25:37
MSG-20251115-49C11067,RJCT,BE04,2025-01-01T13:01:02
MSG-20251115-A2461CE6,ACSP,,2025-01-21T15:22:50
MSG-20251115-9569F7DC,ACSP,,2025-01-30T13:05:41
MSG-20251115-81A401C4,RJCT,FF01,2025-01-26T13:16:13
MSG-20251115-7900E742,ACSP,,2025-01-16T15:13:48
MSG-20251115-A67AFBFB,RJCT,AC01,2025-01-24T13:40:29
MSG-20251115-28B102EA,ACSP,,2025-01-07T11:10:02
MSG-20251115-1AD918D0,ACSP,,2025-01-07T16:57:57
MSG-20251115-CEE79C41,ACSP,,2025-01-17T13:19:35
MSG-20251115-AA50C793,ACSP,,2025-01-21T13:17:20
MSG-20251115-E220499E,ACSP,,2025-01-29T13:04:24
MSG-20251115-4EFF7150,ACSP,,2025-01-24T13:06:16
MSG-20251115-386690FA,ACSP,,2025-01-19T11:49:56
MSG-20251115-F1933BF7,ACSP,,2025-01-16T11:52:26
MSG-20251115-63D4F7FF,ACSP,,2025-01-19T16:03:02
MSG-20251115-07E54ED7,ACSP,,2025-01-15T15:31:50
MSG-20251115-B2EEFEC3,ACSP,,2025-01-01T15:09:42
MSG-20251115-8975414E,ACSP,,2025-01-01T14:54:06
MSG-20251115-50939BB9,ACSP,,2025-01-01T14:32:21
MSG-20251115-30E6F5BB,ACSP,,2025-01-06T11:56:57
MSG-20251115-4DAC2F22,ACSP,,2025-01-14T15:11:00
MSG-20251115-13CEFFD3,ACSP,,2025-01-23T14:41:40
MSG-20251115-8B1E0116,ACSP,,2025-01-16T09:21:05
MSG-20251115-866BA82A,ACSP,,2025-01-20T16:36:17
MSG-20251115-06A3C318,ACSP,,2025-01-03T09:30:41
MSG-20251115-D58C1685,ACSP,,2025-01-21T14:53:54
MSG-20251115-54B5A1F1,ACSP,,2025-01-29T16:22:01
MSG-20251115-7D2AD744,ACSP,,2025-01-16T10:32:17
MSG-20251115-2990C078,ACSP,,2025-01-20T11:05:45
MSG-20251115-75976247,ACSP,,2025-01-15T14:53:19
MSG-20251115-2F0F892C,ACSP,,2025-01-16T16:15:16
MSG-20251115-A78F9815,ACSP,,2025-01-26T11:22:09
MSG-20251115-3F993401,ACSP,,2025-01-30T10:41:27
MSG-20251115-5FB40A24,ACSP,,2025-01-08T15:25:47
MSG-20251115-D3F3DF0F,ACSP,,2025-01-01T09:44:49
MSG-20251115-412A7E98,ACSP,,2025-01-21T14:38:02
MSG-20251115-4DD19E06,ACSP,,2025-01-09T16:48:24
MSG-20251115-28C8454D,ACSP,,2025-01-01T09:03:46
MSG-20251115-2C5573E9,ACSP,,2025-01-18T09:43:04
MSG-20251115-77BA46B7,ACSP,,2025-01-11T10:51:49
MSG-20251115-A430F2BB,ACSP,,2025-01-16T09:04:56
MSG-20251115-669AC40C,RJCT,BE04,2025-01-25T11:24:24
MSG-20251115-4DD0E3CE,ACSP,,2025-01-13T10:04:29
MSG-20251115-D26D7E26,ACSP,,2025-01-18T15:06:26
MSG-20251115-B0D9B9C5,ACSP,,2025-01-08T09:44:07
MSG-20251115-48D13BC3,ACSP,,2025-01-02T09:15:02
MSG-20251115-B17C1076,ACSP,,2025-01-13T15:43:21
MSG-20251115-7D611256,ACSP,,2025-01-01T13:48:59
MSG-20251115-821B0C22,RJCT,AC01,2025-01-07T16:40:03
MSG-20251115-D69D4D24,ACSP,,2025-01-13T16:10:31
MSG-20251115-F0A50468,ACSP,,2025-01-17T14:11:06
MSG-20251115-DD5F1085,ACSP,,2025-01-04T13:19:47
MSG-20251115-B36B0699,ACSP,,2025-01-06T09:02:51
MSG-20251115-A2C53B29,ACSP,,2025-01-27T13:46:04
MSG-20251115-09F9D979,ACSP,,2025-01-07T10:01:38
MSG-20251115-1DF27465,ACSP,,2025-01-16T13:26:51
MSG-20251115-BC5F2762,ACSP,,2025-01-16T10:40:51
MSG-20251115-E2D66279,ACSP,,2025-01-20T09:58:31
MSG-20251115-21FD3E66,ACSP,,2025-01-24T10:11:07
MSG-20251115-EBCC918B,ACSP,,2025-01-24T11:05:17
MSG-20251115-84AEF356,RJCT,FF01,2025-01-29T09:20:50
MSG-20251115-1B3C37EF,ACSP,,2025-01-30T13:50:51
MSG-20251115-EC9E934D,ACSP,,2025-01-04T09:49:37
MSG-20251115-A9DE0CF4,ACSP,,2025-01-23T10:32:57
MSG-20251115-E3CE0F27,ACSP,,2025-01-02T14:29:39
MSG-20251115-3A024E13,ACSP,,2025-01-25T11:48:40
MSG-20251115-3CA95CFF,ACSP,,2025-01-28T16:16:03
MSG-20251115-70F7303B,ACSP,,2025-01-18T13:33:26
MSG-20251115-7EC4717D,ACSP,,2025-01-27T14:37:11
MSG-20251115-04C1DCAE,ACSP,,2025-01-11T13:43:41
MSG-20251115-E5713DBC,ACSP,,2025-01-12T15:20:01
MSG-20251115-18BCAF58,ACSP,,2025-01-03T10:17:36
MSG-20251115-847D1E12,ACSP,,2025-01-29T09:23:41
MSG-20251115-3CA74307,RJCT,RC01,2025-01-27T15:14:12
MSG-20251115-9FDFD7BD,ACSP,,2025-01-17T09:39:37
MSG-20251115-30C32E65,ACSP,,2025-01-16T09:22:32
MSG-20251115-529AEAF8,ACSP,,2025-01-19T11:51:29
MSG-20251115-3AD279D4,RJCT,RC01,2025-01-27T13:51:26
MSG-20251115-1E8E193F,ACSP,,2025-01-30T09:47:37
MSG-20251115-E48264A6,ACSP,,2025-01-18T13:06:50
MSG-20251115-10B962E3,ACSP,,2025-01-06T15:53:06
MSG-20251115-93C1B089,ACSP,,2025-01-12T13:27:36
MSG-20251115-07066434,ACSP,,2025-01-14T10:40:23
MSG-20251115-3000D859,ACSP,,2025-01-12T09:17:39
MSG-20251115-13456D70,ACSP,,2025-01-14T13:40:18
MSG-20251115-43A293FC,ACSP,,2025-01-02T14:51:55
MSG-20251115-E5DD7B59,ACSP,,2025-01-24T15:48:59
MSG-20251115-E875951A,ACSP,,2025-01-20T14:02:21
MSG-20251115-31B0DE5A,ACSP,,2025-01-20T14:06:34
MSG-20251115-D1EC8C78,ACSP,,2025-01-03T10:12:39
MSG-20251115-56B18CB8,ACSP,,2025-01-09T10:08:14
MSG-20251115-BDA1149F,RJCT,AM04,2025-01-02T11:41:06
MSG-20251115-532FA860,RJCT,AM04,2025-01-16T14:17:14
MSG-20251115-5385F423,ACSP,,2025-01-02T11:12:34
MSG-20251115-15D10994,ACSP,,2025-01-26T13:08:07
MSG-20251115-4236C029,ACSP,,2025-01-16T11:54:28
MSG-20251115-104EF4FE,ACSP,,2025-01-14T14:02:20
MSG-20251115-C014A4F6,RJCT,AG01,2025-01-03T12:00:14
MSG-20251115-7EC289B9,ACSP,,2025-01-04T09:11:19
MSG-20251115-81BF6140,ACSP,,2025-01-18T11:32:42
MSG-20251115-A22B81E8,ACSP,,2025-01-07T16:20:46
MSG-20251115-65ABDE26,ACSP,,2025-01-17T13:18:29
MSG-20251115-5E5BB0F4,ACSP,,2025-01-30T16:59:00
MSG-20251115-FB1C7597,ACSP,,2025-01-07T09:11:58
MSG-20251115-7D402D2B,ACSP,,2025-01-05T13:08:44
MSG-20251115-72A9E8FD,ACSP,,2025-01-19T16:17:06
MSG-20251115-36373DE7,ACSP,,2025-01-14T09:51:38
MSG-20251115-B700DC8F,ACSP,,2025-01-22T13:25:47
MSG-20251115-FE5A4434,ACSP,,2025-01-16T10:54:01
MSG-20251115-EC4A98C7,ACSP,,2025-01-08T10:35:53
MSG-20251115-10DB4DEE,ACSP,,2025-01-14T09:38:24
MSG-20251115-5E800E31,ACSP,,2025-01-13T11:31:46
MSG-20251115-C0CCE439,ACSP,,2025-01-28T14:34:58
MSG-20251115-7D2E6DEC,ACSP,,2025-01-03T13:33:34
MSG-20251115-E8821DD3,ACSP,,2025-01-21T11:18:40
MSG-20251115-197CEF60,ACSP,,2025-01-12T11:13:15
MSG-20251115-1CA45A6F,ACSP,,2025-01-22T13:13:08
MSG-20251115-E1507C46,ACSP,,2025-01-23T10:37:56
MSG-20251115-0A666E95,ACSP,,2025-01-21T16:14:16
MSG-20251115-D03356BA,ACSP,,2025-01-08T14:33:06
MSG-20251115-152E882F,ACSP,,2025-01-09T10:05:02
MSG-20251115-7D682462,ACSP,,2025-01-07T15:17:39
MSG-20251115-1E9AD476,ACSP,,2025-01-09T09:29:20
MSG-20251115-9AC7DC5A,ACSP,,2025-01-11T09:09:33
MSG-20251115-7643170D,ACSP,,2025-01-28T09:19:09
MSG-20251115-D3FBD18D,ACSP,,2025-01-07T09:45:14
MSG-20251115-2ACFFBF6,ACSP,,2025-01-14T16:15:55
MSG-20251115-3AAAFB49,ACSP,,2025-01-01T10:40:10
MSG-20251115-8E6FB415,ACSP,,2025-01-18T10:01:12
MSG-20251115-8AD0E915,ACSP,,2025-01-04T09:16:49
MSG-20251115-71DD2132,ACSP,,2025-01-30T16:19:07
MSG-20251115-65BAE86C,ACSP,,2025-01-15T16:16:04
MSG-20251115-0C8EE2A5,ACSP,,2025-01-24T14:58:07
MSG-20251115-D46D9F79,ACSP,,2025-01-29T13:33:46
MSG-20251115-9CC46804,ACSP,,2025-01-27T14:41:26
MSG-20251115-9631AB62,ACSP,,2025-01-26T14:14:13
MSG-20251115-A5FA7D9C,ACSP,,2025-01-29T16:26:12
MSG-20251115-9EE2BEA4,ACSP,,2025-01-23T15:01:32
MSG-20251115-BA76C1A2,ACSP,,2025-01-24T14:29:14
MSG-20251115-684585A2,ACSP,,2025-01-30T11:32:43
MSG-20251115-789A1152,ACSP,,2025-01-13T11:03:17
MSG-20251115-FB611886,ACSP,,2025-01-09T09:36:02
MSG-20251115-BA3F9969,ACSP,,2025-01-28T16:15:51
MSG-20251115-55757439,ACSP,,2025-01-20T09:39:19
MSG-20251115-08C17F89,RJCT,AC01,2025-01-08T09:55:09
MSG-20251115-EFB41DD3,ACSP,,2025-01-18T09:53:22
MSG-20251115-72B1D1F5,ACSP,,2025-01-08T15:00:40
MSG-20251115-38746FA1,ACSP,,2025-01-13T16:11:26
MSG-20251115-F86BC871,ACSP,,2025-01-19T15:19:18
MSG-20251115-5B9A21E6,ACSP,,2025-01-06T13:41:27
MSG-20251115-61E48015,ACSP,,2025-01-15T10:54:35
MSG-20251115-4A603356,ACSP,,2025-01-21T10:24:18
MSG-20251115-F7B20007,ACSP,,2025-01-05T15:02:35
MSG-20251115-D9B9005E,ACSP,,2025-01-20T14:26:10
MSG-20251115-C8C20D21,ACSP,,2025-01-25T09:14:51
MSG-20251115-23505336,ACSP,,2025-01-13T16:09:58
MSG-20251115-AAAA9A1F,ACSP,,2025-01-15T13:31:55
MSG-20251115-34031773,ACSP,,2025-01-05T13:07:08
MSG-20251115-434D984E,ACSP,,2025-01-03T10:20:21
MSG-20251115-8D67C50D,ACSP,,2025-01-12T11:13:20
MSG-20251115-A9782805,ACSP,,2025-01-02T09:34:48
MSG-20251115-D5F4D1C1,ACSP,,2025-01-26T10:31:35
MSG-20251115-6A8BE4BC,ACSP,,2025-01-25T14:29:38
MSG-20251115-DDA74611,ACSP,,2025-01-05T15:26:01
MSG-20251115-BBAE5AEA,ACSP,,2025-01-25T16:06:30
MSG-20251115-F0348511,ACSP,,2025-01-10T09:09:12
MSG-20251115-2A288309,ACSP,,2025-01-18T10:17:45
MSG-20251115-D7954905,ACSP,,2025-01-24T14:53:47
MSG-20251115-21C06BB5,ACSP,,2025-01-03T13:31:33
MSG-20251115-805E706E,ACSP,,2025-01-21T13:22:25
MSG-20251115-D403AB01,ACSP,,2025-01-26T10:53:21
MSG-20251115-C2E6481F,RJCT,RC01,2025-01-11T10:20:36
MSG-20251115-345D53E4,ACSP,,2025-01-04T15:10:16
MSG-20251115-8FCCC6E0,ACSP,,2025-01-29T16:06:54
MSG-20251115-13E53F83,ACSP,,2025-01-19T11:20:33
MSG-20251115-5675139A,ACSP,,2025-01-30T09:29:58
MSG-20251115-E1B2C034,ACSP,,2025-01-12T09:21:10
MSG-20251115-39D92F83,RJCT,AC01,2025-01-13T14:58:10
MSG-20251115-7DA8F8E8,ACSP,,2025-01-06T10:22:30
MSG-20251115-1E12CCF2,ACSP,,2025-01-26T13:00:44
MSG-20251115-A4CEA482,ACSP,,2025-01-01T14:12:14
MSG-20251115-85A3C0BF,ACSP,,2025-01-22T10:06:02
MSG-20251115-41098634,ACSP,,2025-01-19T09:02:51
MSG-20251115-33425E94,ACSP,,2025-01-29T14:56:23
MSG-20251115-6E99ECC9,ACSP,,2025-01-05T09:31:34
MSG-20251115-0C63A463,ACSP,,2025-01-20T16:47:20
MSG-20251115-BF736F4F,ACSP,,2025-01-26T14:24:31
MSG-20251115-C09547B6,ACSP,,2025-01-26T16:54:31
MSG-20251115-F991863A,ACSP,,2025-01-02T09:04:11
MSG-20251115-27AB8BB9,RJCT,AG01,2025-01-24T09:19:30
MSG-20251115-DC909CA4,ACSP,,2025-01-14T09:44:16
MSG-20251115-90489A45,ACSP,,2025-01-29T14:44:48
MSG-20251115-65D1263C,ACSP,,2025-01-02T09:57:36
MSG-20251115-A6C46373,ACSP,,2025-01-26T13:59:02
MSG-20251115-F76B7857,ACSP,,2025-01-30T15:38:56
MSG-20251115-A82F8126,ACSP,,2025-01-14T09:33:30
MSG-20251115-F581F946,ACSP,,2025-01-09T16:49:21
MSG-20251115-CA9BE14E,ACSP,,2025-01-26T10:25:39
MSG-20251115-3D68B664,ACSP,,2025-01-05T11:46:46
MSG-20251115-FCE41EC2,ACSP,,2025-01-25T13:54:51
MSG-20251115-47920E75,RJCT,BE04,2025-01-10T11:01:29
MSG-20251115-E4AC2203,ACSP,,2025-01-30T11:57:16
MSG-20251115-C8E67BC4,ACSP,,2025-01-22T10:17:25
MSG-20251115-DE4A880E,ACSP,,2025-01-27T14:16:30
MSG-20251115-06B2C620,ACSP,,2025-01-01T10:59:20
MSG-20251115-120AC0CD,ACSP,,2025-01-18T13:37:58
MSG-20251115-15957B9F,ACSP,,2025-01-06T10:44:58
MSG-20251115-0906B9D4,ACSP,,2025-01-16T09:06:48
MSG-20251115-8C7B0444,ACSP,,2025-01-06T14:14:02
MSG-20251115-C1B82F42,ACSP,,2025-01-18T13:37:30
MSG-20251115-FE3CB7C4,ACSP,,2025-01-08T09:53:13
MSG-20251115-B8523B81,ACSP,,2025-01-17T15:57:20
MSG-20251115-1AA6EC8B,ACSP,,2025-01-12T15:06:35
MSG-20251115-364428E3,ACSP,,2025-01-30T10:55:03
MSG-20251115-D362B299,ACSP,,2025-01-16T15:43:26
MSG-20251115-5FEB0B45,RJCT,BE04,2025-01-26T10:53:16
MSG-20251115-814D4DF0,RJCT,AM04,2025-01-24T16:57:10
MSG-20251115-849D202E,ACSP,,2025-01-21T11:13:54
MSG-20251115-24EC8482,ACSP,,2025-01-22T11:44:20
MSG-20251115-7582D93F,ACSP,,2025-01-03T16:57:48
MSG-20251115-EAEE7395,ACSP,,2025-01-16T10:37:52
MSG-20251115-579642CE,ACSP,,2025-01-08T11:36:41
MSG-20251115-5C3AFEB0,ACSP,,2025-01-22T16:47:37
MSG-20251115-44BF0B50,ACSP,,2025-01-03T10:25:10
MSG-20251115-58ACE66C,ACSP,,2025-01-01T11:22:28
MSG-20251115-036EBE85,ACSP,,2025-01-04T11:52:39
MSG-20251115-43BC3604,ACSP,,2025-01-19T15:05:26
MSG-20251115-9B853C6A,ACSP,,2025-01-30T10:45:06
MSG-20251115-BBE1E91C,ACSP,,2025-01-03T13:22:47
MSG-20251115-D3D01C82,ACSP,,2025-01-29T14:03:07
MSG-20251115-42B6E900,ACSP,,2025-01-19T10:54:28
MSG-20251115-DF818943,RJCT,AM05,2025-01-16T16:50:04
MSG-20251115-077EA665,ACSP,,2025-01-01T13:35:44
MSG-20251115-F4DA6096,ACSP,,2025-01-07T10:45:38
MSG-20251115-8FC48B52,ACSP,,2025-01-13T10:28:09
MSG-20251115-8AF953F1,ACSP,,2025-01-09T13:41:23
MSG-20251115-36B547E9,ACSP,,2025-01-23T16:39:40
MSG-20251115-30BA3DCF,ACSP,,2025-01-08T16:50:56
MSG-20251115-71E7E813,ACSP,,2025-01-04T10:00:16
MSG-20251115-970DC367,ACSP,,2025-01-11T16:30:37
MSG-20251115-1D4AE569,ACSP,,2025-01-11T14:25:54
MSG-20251115-933948F0,ACSP,,2025-01-28T13:10:10
MSG-20251115-877C3CC4,ACSP,,2025-01-16T11:29:56
MSG-20251115-4868AA3F,ACSP,,2025-01-26T15:04:11
MSG-20251115-CFF83F88,ACSP,,2025-01-29T11:09:48
MSG-20251115-1F3044F8,ACSP,,2025-01-26T15:36:23
MSG-20251115-B8BEBB32,ACSP,,2025-01-07T13:59:04
MSG-20251115-82C97B8B,ACSP,,2025-01-08T14:09:10
MSG-20251115-1C0C464D,ACSP,,2025-01-04T11:49:23
MSG-20251115-28622195,ACSP,,2025-01-24T14:01:32
MSG-20251115-94459734,ACSP,,2025-01-25T13:38:13
MSG-20251115-AE9C92E6,ACSP,,2025-01-01T11:52:43
MSG-20251115-483E5797,ACSP,,2025-01-07T16:07:31
MSG-20251115-44A6F007,ACSP,,2025-01-19T16:43:11
MSG-20251115-BC928830,ACSP,,2025-01-11T09:58:49
MSG-20251115-7B4C1436,ACSP,,2025-01-08T14:38:29
MSG-20251115-91F7A1CF,ACSP,,2025-01-28T09:14:03
MSG-20251115-57C7C384,ACSP,,2025-01-22T10:30:17
MSG-20251115-F3BA500F,ACSP,,2025-01-04T09:17:31
MSG-20251115-98A744D1,RJCT,FF01,2025-01-03T11:16:15
MSG-20251115-EED7D15C,ACSP,,2025-01-16T13:19:10
MSG-20251115-C8B61A35,ACSP,,2025-01-30T15:33:37
MSG-20251115-8BD2D35E,ACSP,,2025-01-30T10:19:12
MSG-20251115-461F0B7A,ACSP,,2025-01-18T13:11:32
MSG-20251115-D08C76A9,ACSP,,2025-01-06T15:10:53
MSG-20251115-90F8CA63,ACSP,,2025-01-07T16:20:19
MSG-20251115-E0CCDDAF,ACSP,,2025-01-02T09:49:37
MSG-20251115-E82FD168,ACSP,,2025-01-05T13:04:30
MSG-20251115-D77C11D0,ACSP,,2025-01-18T16:46:44
MSG-20251115-39A524BB,ACSP,,2025-01-05T14:07:43
MSG-20251115-9FEA3F43,ACSP,,2025-01-29T14:11:02
MSG-20251115-E7B1313E,ACSP,,2025-01-06T10:57:27
MSG-20251115-C8350F0C,ACSP,,2025-01-07T14:20:30
MSG-20251115-4F9164F3,ACSP,,2025-01-29T09:15:51
MSG-20251115-E6F6EEBE,ACSP,,2025-01-30T13:39:44
MSG-20251115-401DF2B1,ACSP,,2025-01-08T09:34:57
MSG-20251115-5A4845B6,ACSP,,2025-01-11T10:36:56
MSG-20251115-EF7FABBA,ACSP,,2025-01-02T14:33:46
MSG-20251115-CD5ED3D0,ACSP,,2025-01-17T16:42:43
MSG-20251115-54528352,ACSP,,2025-01-15T16:46:33
MSG-20251115-D51C378F,ACSP,,2025-01-25T13:47:14
MSG-20251115-3726E5A6,ACSP,,2025-01-23T16:33:00
MSG-20251115-DF8E9F4A,ACSP,,2025-01-24T16:24:10
MSG-20251115-892294BF,RJCT,AC01,2025-01-25T11:17:55
MSG-20251115-25E3F474,ACSP,,2025-01-16T10:52:36
MSG-20251115-F836596F,ACSP,,2025-01-11T14:32:02
MSG-20251115-441AE847,ACSP,,2025-01-01T13:17:59
MSG-20251115-EB92ABFE,ACSP,,2025-01-24T10:19:05
MSG-20251115-9E7E6390,ACSP,,2025-01-14T16:54:44
MSG-20251115-A432E9BE,ACSP,,2025-01-12T11:56:15
MSG-20251115-8F5FD4D9,ACSP,,2025-01-02T14:14:15
MSG-20251115-7D17D132,ACSP,,2025-01-26T09:52:48
MSG-20251115-76E6217E,ACSP,,2025-01-26T09:08:26
MSG-20251115-A0207A1F,ACSP,,2025-01-09T13:50:09
MSG-20251115-715199BE,ACSP,,2025-01-17T16:26:06
MSG-20251115-0B1F1675,ACSP,,2025-01-08T16:46:04
MSG-20251115-A732AF8F,ACSP,,2025-01-24T16:35:47
MSG-20251115-C13D13FD,ACSP,,2025-01-29T14:51:54
MSG-20251115-9210AEA7,ACSP,,2025-01-04T11:53:26
MSG-20251115-C9C02DF4,ACSP,,2025-01-21T14:11:00
MSG-20251115-B07DFD57,ACSP,,2025-01-26T16:49:17
MSG-20251115-F9307A43,ACSP,,2025-01-07T15:49:47
MSG-20251115-8EC26B8C,ACSP,,2025-01-28T11:35:13
MSG-20251115-326FADF5,ACSP,,2025-01-12T16:38:12
MSG-20251115-DDD87378,ACSP,,2025-01-24T16:31:54
MSG-20251115-6F573DE4,ACSP,,2025-01-22T13:04:01
MSG-20251115-A51D5894,ACSP,,2025-01-07T15:35:59
MSG-20251115-9E835702,ACSP,,2025-01-26T16:55:19
MSG-20251115-DF6D71AE,ACSP,,2025-01-24T15:08:39
MSG-20251115-73677B44,RJCT,AB05,2025-01-21T13:13:47
MSG-20251115-C338342B,ACSP,,2025-01-02T14:58:41
MSG-20251115-752A8C9C,ACSP,,2025-01-04T14:34:13
MSG-20251115-211926F6,ACSP,,2025-01-07T15:02:08
MSG-20251115-03EDE2CD,ACSP,,2025-01-27T10:36:00
MSG-20251115-A9A39A59,ACSP,,2025-01-09T13:19:31
MSG-20251115-ED5A5FEF,ACSP,,2025-01-13T11:41:57
MSG-20251115-8ACC9973,ACSP,,2025-01-26T09:59:34
MSG-20251115-5EB18803,ACSP,,2025-01-13T10:32:42
MSG-20251115-A911B121,ACSP,,2025-01-06T15:49:30
MSG-20251115-E7A551F2,ACSP,,2025-01-08T14:19:01
MSG-20251115-0F7CA89E,ACSP,,2025-01-23T13:58:39
MSG-20251115-B47B2D38,ACSP,,2025-01-27T11:43:06
MSG-20251115-CA7083E5,ACSP,,2025-01-26T13:03:16
MSG-20251115-0904EE48,ACSP,,2025-01-02T16:59:52
MSG-20251115-8A143C2C,ACSP,,2025-01-29T10:06:15
MSG-20251115-CAE3C23D,ACSP,,2025-01-24T16:07:01
MSG-20251115-8A41A82B,ACSP,,2025-01-27T14:34:46
MSG-20251115-C2EF4B9B,ACSP,,2025-01-14T15:38:35
MSG-20251115-2D776038,RJCT,MD07,2025-01-10T13:02:46
MSG-20251115-2B806EFD,ACSP,,2025-01-25T16:23:35
MSG-20251115-0B572729,ACSP,,2025-01-02T16:16:14
MSG-20251115-45DD628D,ACSP,,2025-01-22T11:30:56
MSG-20251115-E4ABE1E9,ACSP,,2025-01-26T11:19:48
MSG-20251115-3BABAB40,ACSP,,2025-01-13T15:40:52
MSG-20251115-61426D22,ACSP,,2025-01-27T10:43:49
MSG-20251115-4B2646A3,ACSP,,2025-01-18T15:25:05
MSG-20251115-F56EBDCA,ACSP,,2025-01-11T10:07:09
MSG-20251115-13096172,ACSP,,2025-01-06T16:07:34
MSG-20251115-92A3DB2E,ACSP,,2025-01-19T10:03:49
MSG-20251115-95FD9A84,ACSP,,2025-01-21T09:31:30
MSG-20251115-3B632B41,ACSP,,2025-01-10T10:49:43
MSG-20251115-9C624DDF,ACSP,,2025-01-29T10:09:45
MSG-20251115-C960881C,ACSP,,2025-01-29T11:28:00
MSG-20251115-8656E26B,ACSP,,2025-01-18T15:58:09
MSG-20251115-C3AE5BB0,ACSP,,2025-01-22T11:06:25
MSG-20251115-B5C930D3,ACSP,,2025-01-30T15:15:01
MSG-20251115-3F0CAB67,ACSP,,2025-01-25T16:55:10
MSG-20251115-616C3C5E,ACSP,,2025-01-27T16:53:11
MSG-20251115-DE962993,ACSP,,2025-01-21T09:58:22
MSG-20251115-DE9F6488,ACSP,,2025-01-22T15:35:05
MSG-20251115-1601E2D5,ACSP,,2025-01-04T15:52:20
MSG-20251115-613C1867,ACSP,,2025-01-27T15:58:35
MSG-20251115-A5C79BE6,ACSP,,2025-01-03T11:43:12
MSG-20251115-193942F1,ACSP,,2025-01-14T15:12:13
MSG-20251115-6A6F7AD7,ACSP,,2025-01-21T16:03:45
MSG-20251115-849A1AB9,ACSP,,2025-01-29T14:30:07
MSG-20251115-BC1D6BA4,ACSP,,2025-01-24T14:52:08
MSG-20251115-BD551BEF,ACSP,,2025-01-24T15:33:54
MSG-20251115-BDFBE01C,RJCT,AC01,2025-01-25T15:18:07
MSG-20251115-520C45A7,ACSP,,2025-01-07T16:31:06
MSG-20251115-55B662C2,ACSP,,2025-01-07T11:27:30
MSG-20251115-08E2830B,ACSP,,2025-01-07T15:11:14
MSG-20251115-B4A3580D,ACSP,,2025-01-04T16:51:29
MSG-20251115-FF1B0DA5,RJCT,AM05,2025-01-16T10:39:23
MSG-20251115-5798D31F,ACSP,,2025-01-29T13:37:29
MSG-20251115-FA2F6DBB,RJCT,AC01,2025-01-02T16:59:06
MSG-20251115-2EFB4033,ACSP,,2025-01-09T11:03:54
MSG-20251115-09CA70D9,ACSP,,2025-01-16T10:07:25
MSG-20251115-F6A22654,ACSP,,2025-01-30T16:05:17
MSG-20251115-B55966AA,ACSP,,2025-01-04T13:13:24
MSG-20251115-C0D14BA6,ACSP,,2025-01-24T15:33:34
MSG-20251115-AA9E689D,ACSP,,2025-01-29T09:57:57
MSG-20251115-83555851,ACSP,,2025-01-11T16:39:13
MSG-20251115-BA48EC12,ACSP,,2025-01-22T09:31:07
MSG-20251115-352D0B14,ACSP,,2025-01-17T15:55:21
MSG-20251115-74703CBE,ACSP,,2025-01-03T13:57:39
MSG-20251115-F94D5459,ACSP,,2025-01-03T14:46:32
MSG-20251115-2FC33170,ACSP,,2025-01-22T11:27:49
MSG-20251115-CBAC6825,ACSP,,2025-01-11T10:27:23
MSG-20251115-0F3CC653,ACSP,,2025-01-14T10:41:39
MSG-20251115-BFA6BA2B,RJCT,BE04,2025-01-29T09:58:25
MSG-20251115-D2D8EF56,ACSP,,2025-01-17T11:44:23
MSG-20251115-42DB0C05,ACSP,,2025-01-21T09:19:36
MSG-20251115-90AC5C5A,ACSP,,2025-01-23T13:30:11
MSG-20251115-4D3E21C5,ACSP,,2025-01-13T14:13:37
MSG-20251115-F5CEAC51,ACSP,,2025-01-13T15:05:21
MSG-20251115-EC3F6E8A,ACSP,,2025-01-13T10:10:30
MSG-20251115-CDA03187,RJCT,AC01,2025-01-11T10:39:42
MSG-20251115-1876A86B,RJCT,AM05,2025-01-13T13:12:53
MSG-20251115-1C7FBE63,ACSP,,2025-01-22T15:24:40
MSG-20251115-11C21DEB,ACSP,,2025-01-19T09:02:19
MSG-20251115-56D27DA2,ACSP,,2025-01-28T11:18:28
MSG-20251115-FC172119,ACSP,,2025-01-07T16:24:19
MSG-20251115-95CAFBE1,ACSP,,2025-01-26T14:56:55
MSG-20251115-663E2B10,ACSP,,2025-01-13T16:18:05
MSG-20251115-2E7799F5,ACSP,,2025-01-06T11:26:48
MSG-20251115-1C603A59,RJCT,AM04,2025-01-11T10:41:36
MSG-20251115-2756D600,ACSP,,2025-01-12T11:01:47
MSG-20251115-050EBEBA,ACSP,,2025-01-20T11:51:48
MSG-20251115-88945C3F,ACSP,,2025-01-10T13:42:44
MSG-20251115-94629925,ACSP,,2025-01-30T14:41:04
MSG-20251115-3FB96E73,RJCT,RC01,2025-01-09T15:02:43
MSG-20251115-A727922F,ACSP,,2025-01-10T14:07:22
MSG-20251115-999A23B5,ACSP,,2025-01-20T16:56:01
MSG-20251115-E6EFE279,ACSP,,2025-01-15T15:21:50
MSG-20251115-C800709F,ACSP,,2025-01-10T15:54:25
MSG-20251115-7E81A8B0,ACSP,,2025-01-20T10:08:21
MSG-20251115-AAD0BFF4,ACSP,,2025-01-01T11:24:39
MSG-20251115-7D47F2B5,ACSP,,2025-01-29T16:22:44
MSG-20251115-0B2F1225,ACSP,,2025-01-18T14:19:07
MSG-20251115-6B30301C,ACSP,,2025-01-24T13:19:07
MSG-20251115-A8EBF222,RJCT,BE04,2025-01-26T13:57:45
MSG-20251115-2E59F7C0,ACSP,,2025-01-03T15:47:20
MSG-20251115-9ECA93D4,ACSP,,2025-01-02T16:54:52
MSG-20251115-1682F4AE,ACSP,,2025-01-03T16:09:06
MSG-20251115-6F76B514,ACSP,,2025-01-01T11:23:24
MSG-20251115-7270490A,RJCT,AC01,2025-01-22T09:19:31
MSG-20251115-1EA9A80C,ACSP,,2025-01-05T14:58:05
MSG-20251115-21A53603,RJCT,BE04,2025-01-21T14:10:15
MSG-20251115-D2A6245A,ACSP,,2025-01-10T16:04:54
MSG-20251115-06C7815B,ACSP,,2025-01-24T16:13:08
MSG-20251115-E510422F,ACSP,,2025-01-20T09:04:14
MSG-20251115-15914423,ACSP,,2025-01-16T16:14:02
MSG-20251115-30FF7569,ACSP,,2025-01-13T10:48:30
MSG-20251115-C612E146,ACSP,,2025-01-15T11:17:58
MSG-20251115-849BCFC8,RJCT,AB05,2025-01-13T16:59:07
MSG-20251115-1089C2C3,ACSP,,2025-01-13T13:38:06
MSG-20251115-F9A6B097,ACSP,,2025-01-04T13:32:05
MSG-20251115-862C044C,ACSP,,2025-01-26T13:49:56
MSG-20251115-A6F655B5,ACSP,,2025-01-06T16:39:32
MSG-20251115-18DF3EDF,ACSP,,2025-01-26T11:44:54
MSG-20251115-858EF416,ACSP,,2025-01-08T16:22:18
MSG-20251115-D1417EEB,ACSP,,2025-01-11T10:21:17
MSG-20251115-578B8436,ACSP,,2025-01-08T16:55:13
MSG-20251115-89BB1FAE,ACSP,,2025-01-28T11:39:42
MSG-20251115-654C08EC,ACSP,,2025-01-06T10:11:58
MSG-20251115-968782C9,ACSP,,2025-01-25T10:34:11
MSG-20251115-262A3C53,RJCT,BE04,2025-01-19T10:35:37
MSG-20251115-3F344AB9,ACSP,,2025-01-26T11:27:18
MSG-20251115-F2E54C62,RJCT,AC01,2025-01-09T15:38:10
MSG-20251115-C02C0340,ACSP,,2025-01-22T16:47:30
MSG-20251115-5A260E59,ACSP,,2025-01-21T10:27:10
MSG-20251115-FCBDD92D,ACSP,,2025-01-30T14:44:06
MSG-20251115-9452CFB1,ACSP,,2025-01-07T15:49:50
MSG-20251115-CB1DAA65,ACSP,,2025-01-22T09:06:32
MSG-20251115-A2EBAC3D,ACSP,,2025-01-20T15:13:40
MSG-20251115-A32B5B8F,ACSP,,2025-01-03T10:08:07
MSG-20251115-580C8780,ACSP,,2025-01-07T16:08:16
MSG-20251115-77B84D4E,ACSP,,2025-01-04T10:52:43
MSG-20251115-7D8930C0,ACSP,,2025-01-05T16:02:59
MSG-20251115-8824E0C4,ACSP,,2025-01-30T16:13:36
MSG-20251115-778FD080,ACSP,,2025-01-13T11:14:17
MSG-20251115-1E4E12F8,ACSP,,2025-01-25T10:07:17
MSG-20251115-49EB7EF4,ACSP,,2025-01-26T10:46:43
MSG-20251115-48B5578B,ACSP,,2025-01-05T16:40:55
MSG-20251115-D6156C1B,ACSP,,2025-01-12T13:26:15
MSG-20251115-8B8D2F89,ACSP,,2025-01-05T15:47:34
MSG-20251115-BDE67353,ACSP,,2025-01-04T16:19:07
MSG-20251115-A840FE4D,ACSP,,2025-01-10T15:09:05
MSG-20251115-A624C810,ACSP,,2025-01-05T14:03:57
MSG-20251115-5709CB22,ACSP,,2025-01-18T14:19:04
MSG-20251115-05232BEC,ACSP,,2025-01-14T14:59:00
MSG-20251115-17E460E2,ACSP,,2025-01-17T13:07:36
MSG-20251115-D312CC85,ACSP,,2025-01-08T13:48:46
MSG-20251115-BDDADD4C,ACSP,,2025-01-30T14:33:56
MSG-20251115-0D3297C4,ACSP,,2025-01-12T14:40:25
MSG-20251115-95B8D625,ACSP,,2025-01-09T14:57:32
MSG-20251115-5253C3CD,ACSP,,2025-01-01T09:03:09
MSG-20251115-F40B95BC,ACSP,,2025-01-01T15:50:37
MSG-20251115-08C87C5D,ACSP,,2025-01-25T09:33:28
MSG-20251115-CEE4912D,ACSP,,2025-01-26T13:46:00
MSG-20251115-0C103757,ACSP,,2025-01-11T13:04:20
MSG-20251115-5A420009,ACSP,,2025-01-04T16:03:43
MSG-20251115-22C36739,ACSP,,2025-01-17T11:33:44
MSG-20251115-871CF805,ACSP,,2025-01-01T09:38:44
MSG-20251115-11BC4649,ACSP,,2025-01-14T13:29:38
MSG-20251115-AFBC4448,ACSP,,2025-01-11T16:45:49
MSG-20251115-F7FD7706,ACSP,,2025-01-27T14:27:11
MSG-20251115-771CEBEF,ACSP,,2025-01-27T16:47:58
MSG-20251115-404A92AF,ACSP,,2025-01-14T09:21:30
MSG-20251115-3EFC92AC,ACSP,,2025-01-19T14:45:43
MSG-20251115-827042D5,ACSP,,2025-01-19T16:37:26
MSG-20251115-0AA535A3,ACSP,,2025-01-11T16:45:44
MSG-20251115-A5F20E26,ACSP,,2025-01-20T10:34:32
MSG-20251115-1293CB31,ACSP,,2025-01-30T14:53:29
MSG-20251115-0E9CF985,ACSP,,2025-01-15T10:30:14
MSG-20251115-8CC50B3C,ACSP,,2025-01-04T14:26:20
MSG-20251115-8E42924E,ACSP,,2025-01-16T10:18:26
MSG-20251115-014D91DF,ACSP,,2025-01-07T13:47:10
MSG-20251115-52F3FA04,ACSP,,2025-01-03T13:56:25
MSG-20251115-FBD56C04,ACSP,,2025-01-15T09:35:26
MSG-20251115-7B5EAB7C,ACSP,,2025-01-02T15:10:59
MSG-20251115-7A9FAB81,ACSP,,2025-01-04T15:37:20
MSG-20251115-94327B23,ACSP,,2025-01-29T09:06:01
MSG-20251115-46280670,ACSP,,2025-01-27T15:58:25
MSG-20251115-445CCC81,ACSP,,2025-01-06T15:08:26
MSG-20251115-5553ACBD,ACSP,,2025-01-17T11:30:10
MSG-20251115-65CAA6B9,ACSP,,2025-01-18T09:28:45
MSG-20251115-AF70E38D,ACSP,,2025-01-13T10:06:03
MSG-20251115-CB49A10E,ACSP,,2025-01-17T14:46:15
MSG-20251115-0904180A,ACSP,,2025-01-15T13:51:40
MSG-20251115-C46E6139,ACSP,,2025-01-19T11:15:43
MSG-20251115-12C1C06B,ACSP,,2025-01-04T11:29:21
MSG-20251115-F9666CB7,ACSP,,2025-01-10T13:55:20
MSG-20251115-6178C58E,ACSP,,2025-01-04T15:31:44
MSG-20251115-DF29EDC9,ACSP,,2025-01-23T13:19:39
MSG-20251115-D89D2AB6,ACSP,,2025-01-01T11:31:10
MSG-20251115-EEF2DFA0,ACSP,,2025-01-18T11:07:17
MSG-20251115-8E627EFC,ACSP,,2025-01-09T10:37:20
MSG-20251115-C3429777,ACSP,,2025-01-18T14:36:33
MSG-20251115-583C7EF2,ACSP,,2025-01-09T14:32:59
MSG-20251115-77D517BC,RJCT,AM04,2025-01-01T10:56:56
MSG-20251115-0EBE1164,ACSP,,2025-01-12T13:51:48
MSG-20251115-49DFBA42,ACSP,,2025-01-08T16:32:33
MSG-20251115-BA2681F3,ACSP,,2025-01-02T11:22:14
MSG-20251115-CA1CF965,ACSP,,2025-01-12T11:51:27
MSG-20251115-C5A5BF0B,ACSP,,2025-01-11T13:02:19
MSG-20251115-DCC1D39A,ACSP,,2025-01-28T09:32:20
MSG-20251115-5A0B3E94,ACSP,,2025-01-23T11:40:51
MSG-20251115-12E761F1,ACSP,,2025-01-28T14:31:35
MSG-20251115-8D6276C8,ACSP,,2025-01-14T10:58:04
MSG-20251115-6049B08E,ACSP,,2025-01-09T10:29:04
MSG-20251115-78E53A79,ACSP,,2025-01-10T10:26:03
MSG-20251115-DF5BEAD8,ACSP,,2025-01-11T10:18:01
MSG-20251115-D845A8C3,ACSP,,2025-01-02T15:46:56
MSG-20251115-DB53F4D5,ACSP,,2025-01-04T09:32:35
MSG-20251115-9C119979,ACSP,,2025-01-07T14:21:37
MSG-20251115-A391D02D,RJCT,RC01,2025-01-11T11:41:05
MSG-20251115-1A92807A,ACSP,,2025-01-26T16:20:43
MSG-20251115-FB1D3240,ACSP,,2025-01-22T15:19:00
MSG-20251115-7FEE60D3,ACSP,,2025-01-02T11:54:03
MSG-20251115-ED1E7B7E,ACSP,,2025-01-14T15:25:04
MSG-20251115-99B362F5,ACSP,,2025-01-25T11:15:11
MSG-20251115-38A878E0,ACSP,,2025-01-08T15:53:33
MSG-20251115-E5A079CE,ACSP,,2025-01-28T13:12:52
MSG-20251115-88C08B75,ACSP,,2025-01-21T11:41:23
MSG-20251115-F2AC6246,ACSP,,2025-01-06T15:13:00
MSG-20251115-D67E4DCE,ACSP,,2025-01-29T14:47:36
MSG-20251115-FC94444C,ACSP,,2025-01-13T09:07:15
MSG-20251115-45E68FAA,RJCT,MD07,2025-01-30T15:34:27
MSG-20251115-C9D95CD1,RJCT,FF01,2025-01-25T10:01:12
MSG-20251115-2924F0FC,ACSP,,2025-01-18T16:13:33
MSG-20251115-98EDF908,ACSP,,2025-01-30T15:18:40
MSG-20251115-AAA5B6B7,ACSP,,2025-01-21T15:29:06
MSG-20251115-EC7C7BF9,ACSP,,2025-01-17T11:15:53
MSG-20251115-D2B10A53,ACSP,,2025-01-28T15:36:25
MSG-20251115-B5AE3FE5,ACSP,,2025-01-09T10:12:15
MSG-20251115-49FA029A,ACSP,,2025-01-29T11:24:59
MSG-20251115-88BEEB9F,ACSP,,2025-01-21T11:19:44
MSG-20251115-0DBE0031,ACSP,,2025-01-04T16:13:30
MSG-20251115-50321A12,ACSP,,2025-01-15T14:52:57
MSG-20251115-AF63732C,ACSP,,2025-01-06T09:13:10
MSG-20251115-1AA72238,ACSP,,2025-01-12T13:01:05
MSG-20251115-A804CCC3,ACSP,,2025-01-08T15:02:51
MSG-20251115-5B69656B,ACSP,,2025-01-20T15:15:54
MSG-20251115-870EEDE7,RJCT,BE04,2025-01-11T15:15:58
MSG-20251115-1CA76BC7,ACSP,,2025-01-23T15:27:18
MSG-20251115-6BBC03A3,ACSP,,2025-01-12T16:19:12
MSG-20251115-5AC5FE0F,ACSP,,2025-01-14T09:56:28
MSG-20251115-960063C9,ACSP,,2025-01-16T10:42:37
MSG-20251115-0E9877CD,ACSP,,2025-01-08T13:40:50
MSG-20251115-BE6B9D7D,RJCT,AM05,2025-01-26T10:38:58
MSG-20251115-2BB40F3A,ACSP,,2025-01-11T14:39:50
MSG-20251115-83F81BAC,ACSP,,2025-01-22T16:17:23
MSG-20251115-A75E2D48,ACSP,,2025-01-06T11:09:09
MSG-20251115-AB3AC23F,ACSP,,2025-01-17T16:16:30
MSG-20251115-15B55F1F,ACSP,,2025-01-13T15:10:52
MSG-20251115-DC8FD43D,ACSP,,2025-01-05T09:03:19
MSG-20251115-8DD86196,ACSP,,2025-01-03T13:35:48
MSG-20251115-2DB98C81,ACSP,,2025-01-17T15:43:09
MSG-20251115-0D958F43,ACSP,,2025-01-01T10:05:55
MSG-20251115-A817FBAE,ACSP,,2025-01-02T13:16:17
MSG-20251115-DCE0C1FE,ACSP,,2025-01-26T14:18:52
MSG-20251115-62CB9F9E,ACSP,,2025-01-14T15:40:27
MSG-20251115-F86EB6B9,ACSP,,2025-01-27T15:27:46
MSG-20251115-870D41E2,RJCT,AM04,2025-01-24T10:26:05
MSG-20251115-AC8339F1,ACSP,,2025-01-14T13:26:40
MSG-20251115-F864F712,ACSP,,2025-01-10T15:06:14
MSG-20251115-112756B4,ACSP,,2025-01-26T14:37:00
MSG-20251115-E175AE23,ACSP,,2025-01-02T10:42:16
MSG-20251115-9A8D874F,ACSP,,2025-01-18T16:20:07
MSG-20251115-723B1757,RJCT,AC01,2025-01-13T10:31:22
MSG-20251115-21BF59CD,ACSP,,2025-01-17T13:45:12
MSG-20251115-682BEE4E,ACSP,,2025-01-12T15:40:32
MSG-20251115-054EBB7D,RJCT,AC01,2025-01-29T14:01:54
MSG-20251115-D01934CB,ACSP,,2025-01-29T13:52:25
MSG-20251115-094C0BEC,ACSP,,2025-01-10T09:37:52
MSG-20251115-C0072618,ACSP,,2025-01-11T10:21:41
MSG-20251115-54191AD9,ACSP,,2025-01-16T11:26:23
MSG-20251115-5D990AC5,ACSP,,2025-01-09T09:41:41
MSG-20251115-CACDACC9,ACSP,,2025-01-06T16:41:14
MSG-20251115-1B02F294,ACSP,,2025-01-26T13:18:05
MSG-20251115-713BB1CA,ACSP,,2025-01-22T11:25:46
MSG-20251115-716E77B2,ACSP,,2025-01-28T10:09:59
MSG-20251115-BE33ED3A,ACSP,,2025-01-03T13:27:19
MSG-20251115-2B10C665,ACSP,,2025-01-07T15:09:23
MSG-20251115-538AFEC3,ACSP,,2025-01-01T09:06:14
MSG-20251115-77BE1324,RJCT,AC01,2025-01-06T13:18:01
MSG-20251115-7C7702E6,ACSP,,2025-01-13T10:54:19
MSG-20251115-372104C6,ACSP,,2025-01-03T09:39:30
MSG-20251115-F801A5D2,ACSP,,2025-01-27T13:06:12
MSG-20251115-4BB33B81,ACSP,,2025-01-08T15:59:00
MSG-20251115-AD387306,ACSP,,2025-01-02T14:05:02
MSG-20251115-77119EDC,ACSP,,2025-01-29T13:56:43
MSG-20251115-25623F3E,RJCT,AC01,2025-01-23T11:15:34
MSG-20251115-46835043,ACSP,,2025-01-28T15:28:16
MSG-20251115-CCC0720B,ACSP,,2025-01-14T15:50:03
MSG-20251115-8A31FDB0,ACSP,,2025-01-26T10:05:58
MSG-20251115-C055DFD8,ACSP,,2025-01-12T15:38:33
MSG-20251115-7ECAD795,ACSP,,2025-01-29T11:14:52
MSG-20251115-612FEBF5,ACSP,,2025-01-28T16:28:50
MSG-20251115-B13D9CE6,ACSP,,2025-01-24T14:30:44
MSG-20251115-27C77A2B,ACSP,,2025-01-30T10:34:39
MSG-20251115-6BD297CA,ACSP,,2025-01-13T15:43:19
MSG-20251115-FD952F66,ACSP,,2025-01-02T14:55:53
MSG-20251115-E797B7A1,ACSP,,2025-01-20T11:24:20
MSG-20251115-A592921D,ACSP,,2025-01-24T15:00:52
MSG-20251115-7FB2FA59,ACSP,,2025-01-02T14:43:12
MSG-20251115-92C157EB,ACSP,,2025-01-03T09:31:53
MSG-20251115-05961DB7,RJCT,AC01,2025-01-11T15:20:19
MSG-20251115-06EC0BC5,ACSP,,2025-01-06T13:01:43
MSG-20251115-A20FE4B1,ACSP,,2025-01-22T16:00:18
MSG-20251115-631A4774,ACSP,,2025-01-01T16:58:45
MSG-20251115-CFB89412,ACSP,,2025-01-28T13:12:48
MSG-20251115-BADDDD62,ACSP,,2025-01-15T11:03:02
MSG-20251115-A6A4C988,RJCT,RC01,2025-01-15T10:37:47
MSG-20251115-CDB00849,ACSP,,2025-01-30T16:45:41
MSG-20251115-D4F5B3FE,ACSP,,2025-01-10T15:49:28
MSG-20251115-AE0356FE,ACSP,,2025-01-09T11:08:56
MSG-20251115-BA8B6270,ACSP,,2025-01-03T10:20:38
MSG-20251115-F8CB60F5,ACSP,,2025-01-12T15:51:29
MSG-20251115-C7DF969A,ACSP,,2025-01-12T14:05:04
MSG-20251115-3541C9D5,ACSP,,2025-01-13T10:29:33
MSG-20251115-004BE307,ACSP,,2025-01-09T09:53:23
MSG-20251115-B8D9B9DE,ACSP,,2025-01-22T16:39:03
MSG-20251115-F2779110,ACSP,,2025-01-01T14:33:47
MSG-20251115-225B4BA3,ACSP,,2025-01-01T16:11:07
MSG-20251115-8B9456BC,ACSP,,2025-01-13T11:17:27
MSG-20251115-B8D803E1,ACSP,,2025-01-06T10:04:27
MSG-20251115-BB3E227E,ACSP,,2025-01-08T15:15:21
MSG-20251115-C0A42834,ACSP,,2025-01-19T09:44:10
MSG-20251115-6A3025EB,ACSP,,2025-01-08T09:10:36
MSG-20251115-905CEA1E,ACSP,,2025-01-20T09:19:26
MSG-20251115-8E955AC2,RJCT,AC01,2025-01-11T15:38:39
MSG-20251115-7F730BA2,ACSP,,2025-01-06T14:03:23
MSG-20251115-C477DAE6,ACSP,,2025-01-29T13:09:45
MSG-20251115-F5985845,ACSP,,2025-01-15T14:02:01
MSG-20251115-A38BD2AA,ACSP,,2025-01-26T11:57:41
MSG-20251115-ABF52DD6,ACSP,,2025-01-14T13:11:39
MSG-20251115-DC66BBB7,ACSP,,2025-01-24T09:47:02
MSG-20251115-400C1878,ACSP,,2025-01-07T10:25:24
MSG-20251115-ED7F025B,ACSP,,2025-01-23T14:11:27
MSG-20251115-738A0450,RJCT,AC01,2025-01-25T15:23:21
MSG-20251115-1C01D2DB,ACSP,,2025-01-18T14:41:34
MSG-20251115-B405A75E,ACSP,,2025-01-11T11:59:12
MSG-20251115-4A79D264,ACSP,,2025-01-06T09:03:46
MSG-20251115-5871DCA9,ACSP,,2025-01-05T13:10:45
MSG-20251115-991401B6,ACSP,,2025-01-21T16:50:02
MSG-20251115-BDC9977C,ACSP,,2025-01-19T10:48:36
MSG-20251115-AA6D0A2D,ACSP,,2025-01-05T09:43:32
MSG-20251115-4D1B2424,ACSP,,2025-01-28T16:08:58
MSG-20251115-C3642E4C,ACSP,,2025-01-08T11:49:13
MSG-20251115-5107E1D6,ACSP,,2025-01-14T11:03:24
MSG-20251115-10CA1FB8,ACSP,,2025-01-23T15:40:39
MSG-20251115-F9A082C5,ACSP,,2025-01-20T10:15:30
MSG-20251115-272B539C,ACSP,,2025-01-14T13:55:32
MSG-20251115-D432FE10,ACSP,,2025-01-19T13:36:15
MSG-20251115-1B0DDF38,ACSP,,2025-01-27T13:37:07
MSG-20251115-BECF5729,ACSP,,2025-01-19T09:54:54
MSG-20251115-B9E81C61,ACSP,,2025-01-13T10:25:17
MSG-20251115-B16127C8,ACSP,,2025-01-08T13:26:56
MSG-20251115-69150D69,ACSP,,2025-01-12T09:20:57
MSG-20251115-AF70B141,ACSP,,2025-01-15T14:26:45
MSG-20251115-6A570FB2,ACSP,,2025-01-12T09:20:41
MSG-20251115-781C1D4D,ACSP,,2025-01-13T16:29:52
MSG-20251115-45DD2CD7,ACSP,,2025-01-26T14:45:32
MSG-20251115-430DFD7C,ACSP,,2025-01-04T13:35:23
MSG-20251115-E2EEADCC,ACSP,,2025-01-05T13:16:24
MSG-20251115-17C15271,RJCT,AM05,2025-01-08T16:38:20
MSG-20251115-568F2151,ACSP,,2025-01-29T11:45:45
MSG-20251115-8AC0E593,ACSP,,2025-01-07T15:02:29
MSG-20251115-84588E52,ACSP,,2025-01-13T09:25:51
MSG-20251115-AC09E3D1,ACSP,,2025-01-16T11:54:22
MSG-20251115-4CB6F0D3,ACSP,,2025-01-07T11:16:23
MSG-20251115-E7F4C52C,ACSP,,2025-01-13T13:40:45
MSG-20251115-5E0BD3F4,ACSP,,2025-01-29T11:08:52
MSG-20251115-FA72B99F,ACSP,,2025-01-19T11:57:33
MSG-20251115-F9D3BCF2,ACSP,,2025-01-25T14:40:46
MSG-20251115-70FE3CC7,ACSP,,2025-01-13T11:57:44
MSG-20251115-2648E04B,RJCT,AC01,2025-01-28T11:09:28
MSG-20251115-4AA3E794,ACSP,,2025-01-13T09:55:35
MSG-20251115-CAC2504A,ACSP,,2025-01-26T16:28:34
MSG-20251115-D975D810,ACSP,,2025-01-15T10:28:29
MSG-20251115-11AC7A64,RJCT,MD07,2025-01-18T13:47:03
MSG-20251115-EAAC8A5B,ACSP,,2025-01-05T09:05:36
MSG-20251115-7742615C,ACSP,,2025-01-06T16:24:54
MSG-20251115-1D1C17C2,ACSP,,2025-01-09T11:57:55
MSG-20251115-42CF7335,ACSP,,2025-01-28T13:55:50
MSG-20251115-1E3894CF,RJCT,AG01,2025-01-29T13:56:03
MSG-20251115-88DD0BD2,ACSP,,2025-01-19T14:27:20
MSG-20251115-85831499,ACSP,,2025-01-04T11:04:15
MSG-20251115-73627D23,RJCT,MD07,2025-01-30T10:04:28
MSG-20251115-91FCE41A,ACSP,,2025-01-01T16:33:09
MSG-20251115-67C610B8,ACSP,,2025-01-11T14:45:17
MSG-20251115-A88733E7,ACSP,,2025-01-19T13:54:14
MSG-20251115-F0DEC9DE,ACSP,,2025-01-30T09:13:46
MSG-20251115-B098313D,ACSP,,2025-01-17T15:26:45
MSG-20251115-680F8EFF,ACSP,,2025-01-12T16:49:25
MSG-20251115-CAF32EB4,ACSP,,2025-01-06T16:43:50
MSG-20251115-7F98820C,ACSP,,2025-01-01T11:25:05
MSG-20251115-FE3DF105,ACSP,,2025-01-14T14:06:16
MSG-20251115-D27945E1,ACSP,,2025-01-30T09:37:39
MSG-20251115-548C0DF8,ACSP,,2025-01-25T10:55:14
MSG-20251115-B1D1EC81,ACSP,,2025-01-04T16:27:14
MSG-20251115-45274282,ACSP,,2025-01-29T10:46:27
MSG-20251115-94466217,ACSP,,2025-01-30T13:52:02
MSG-20251115-54E463ED,ACSP,,2025-01-11T14:51:33
MSG-20251115-D78F96DF,ACSP,,2025-01-06T13:34:55
MSG-20251115-F9A83445,ACSP,,2025-01-12T10:45:47
MSG-20251115-AA26DEC2,ACSP,,2025-01-13T09:25:53
MSG-20251115-54F6E7D1,ACSP,,2025-01-08T15:43:39
MSG-20251115-0A14E66B,ACSP,,2025-01-18T09:18:36
MSG-20251115-D9A00C07,ACSP,,2025-01-16T13:21:47
MSG-20251115-649BD8D9,ACSP,,2025-01-01T13:05:02
MSG-20251115-979A72F7,ACSP,,2025-01-22T14:15:55
MSG-20251115-F28304B1,ACSP,,2025-01-24T11:54:14
MSG-20251115-17D4D0A5,ACSP,,2025-01-30T13:45:06
MSG-20251115-3D4D6E84,ACSP,,2025-01-03T10:52:37
MSG-20251115-FDFBB8EA,ACSP,,2025-01-19T13:25:43
MSG-20251115-658589C8,ACSP,,2025-01-26T16:04:18
MSG-20251115-901E7F2D,ACSP,,2025-01-14T16:45:31
MSG-20251115-FC529A84,ACSP,,2025-01-05T13:45:29
MSG-20251115-F10B5862,ACSP,,2025-01-29T10:27:43
MSG-20251115-3A04BF91,RJCT,AC01,2025-01-19T10:32:39
MSG-20251115-EB891B34,ACSP,,2025-01-03T15:41:21
MSG-20251115-0EF5C3A6,ACSP,,2025-01-11T13:39:35
MSG-20251115-4627DBE1,ACSP,,2025-01-12T16:57:34
MSG-20251115-12C06E1A,ACSP,,2025-01-20T09:43:09
MSG-20251115-AE456A5B,ACSP,,2025-01-08T09:10:02
MSG-20251115-DBA1DD64,ACSP,,2025-01-25T11:33:21
MSG-20251115-4C2A74E8,ACSP,,2025-01-01T13:03:33
MSG-20251115-1DDA92FE,ACSP,,2025-01-10T11:37:31
MSG-20251115-E3B8619E,ACSP,,2025-01-30T11:06:13
MSG-20251115-CFAEF5DB,ACSP,,2025-01-09T15:22:47
MSG-20251115-231C5731,ACSP,,2025-01-16T16:02:35
MSG-20251115-D25AF428,ACSP,,2025-01-15T09:07:32
MSG-20251115-7CDA4F27,RJCT,RC01,2025-01-11T16:03:24
MSG-20251115-B9BF5E16,ACSP,,2025-01-12T11:07:39
MSG-20251115-4430B7E9,ACSP,,2025-01-10T16:05:37
MSG-20251115-C58F53D3,ACSP,,2025-01-30T11:28:21
MSG-20251115-132645C1,ACSP,,2025-01-24T16:21:08
MSG-20251115-E5981420,RJCT,AC01,2025-01-13T10:41:26
MSG-20251115-95D06846,ACSP,,2025-01-09T10:30:49
MSG-20251115-91754EB6,ACSP,,2025-01-01T10:52:08
MSG-20251115-596FD74E,ACSP,,2025-01-17T14:08:49
MSG-20251115-B0BEB730,ACSP,,2025-01-04T16:10:46
MSG-20251115-49501C3D,ACSP,,2025-01-23T16:08:04
MSG-20251115-89BAFA93,ACSP,,2025-01-10T13:48:30
MSG-20251115-F9EB340D,RJCT,AG01,2025-01-02T16:00:42
MSG-20251115-4F53BE7B,ACSP,,2025-01-30T09:10:16
MSG-20251115-77BB3709,ACSP,,2025-01-29T13:59:54
MSG-20251115-6B6C685B,ACSP,,2025-01-11T15:26:56
MSG-20251115-3C589654,ACSP,,2025-01-19T11:43:00
MSG-20251115-DDD68865,ACSP,,2025-01-03T11:48:26
MSG-20251115-C00601DF,ACSP,,2025-01-13T16:05:50
MSG-20251115-EE5E0374,ACSP,,2025-01-10T16:13:11
MSG-20251115-935E5857,ACSP,,2025-01-07T11:31:28
MSG-20251115-73FFD4C4,RJCT,RC01,2025-01-10T16:45:27
MSG-20251115-A67499EA,RJCT,BE04,2025-01-02T10:54:15
MSG-20251115-D7814BDC,ACSP,,2025-01-13T15:40:01
MSG-20251115-A8A1A106,ACSP,,2025-01-15T11:04:27
MSG-20251115-FFBFE05F,ACSP,,2025-01-27T11:04:17
MSG-20251115-804AEDD5,ACSP,,2025-01-06T16:55:39
MSG-20251115-5CF3A891,ACSP,,2025-01-25T11:50:05
MSG-20251115-B40A6D32,ACSP,,2025-01-01T16:01:12
MSG-20251115-FE781CC9,ACSP,,2025-01-29T09:15:52
MSG-20251115-72D98B56,ACSP,,2025-01-03T13:47:29
MSG-20251115-BBCC04CF,ACSP,,2025-01-15T15:29:22
MSG-20251115-8E5AA3F1,ACSP,,2025-01-29T13:04:08
MSG-20251115-593397EE,ACSP,,2025-01-29T16:15:59
MSG-20251115-C82BB765,ACSP,,2025-01-01T16:18:34
MSG-20251115-691B5E9E,ACSP,,2025-01-03T15:40:01
MSG-20251115-CED5A978,ACSP,,2025-01-22T15:09:08
MSG-20251115-AEE12DA5,ACSP,,2025-01-30T15:17:48
MSG-20251115-58542E47,ACSP,,2025-01-21T13:47:14
MSG-20251115-4B971B12,ACSP,,2025-01-30T11:03:25
MSG-20251115-C7A975D6,ACSP,,2025-01-05T15:46:34
MSG-20251115-69261610,ACSP,,2025-01-05T11:40:56
MSG-20251115-44BFFB56,ACSP,,2025-01-30T10:49:43
MSG-20251115-3DAC244F,ACSP,,2025-01-15T10:52:43
MSG-20251115-19A09142,ACSP,,2025-01-04T10:31:33
MSG-20251115-A07E8635,ACSP,,2025-01-22T09:31:15
MSG-20251115-43FE816F,ACSP,,2025-01-12T09:40:22
MSG-20251115-293AC873,ACSP,,2025-01-24T15:07:37
MSG-20251115-856FFE95,ACSP,,2025-01-24T11:17:05
MSG-20251115-85A54C1E,ACSP,,2025-01-28T11:10:31
MSG-20251115-6628BD82,ACSP,,2025-01-19T13:26:08
MSG-20251115-284E3DB8,ACSP,,2025-01-07T11:20:24
MSG-20251115-B558C367,ACSP,,2025-01-17T10:39:46
MSG-20251115-B24020E1,ACSP,,2025-01-28T11:42:07
MSG-20251115-7BF0D611,ACSP,,2025-01-07T15:46:50
MSG-20251115-550038A2,RJCT,AC01,2025-01-14T13:45:12
MSG-20251115-D47F39E5,ACSP,,2025-01-09T16:30:58
MSG-20251115-4FE06E52,ACSP,,2025-01-19T16:01:24
MSG-20251115-2283F888,ACSP,,2025-01-05T15:41:18
MSG-20251115-85ABFF5D,ACSP,,2025-01-05T10:19:44
MSG-20251115-704F8CB1,ACSP,,2025-01-02T16:40:23
MSG-20251115-0FB4D08C,RJCT,AM04,2025-01-08T14:45:55
MSG-20251115-4EE8C6B4,ACSP,,2025-01-22T15:12:18
MSG-20251115-C9787856,ACSP,,2025-01-21T13:37:50
MSG-20251115-18590760,ACSP,,2025-01-21T10:52:00
MSG-20251115-588304B3,ACSP,,2025-01-03T15:44:04
MSG-20251115-E5282DB3,RJCT,MD07,2025-01-26T09:25:39
MSG-20251115-28C5CCF5,ACSP,,2025-01-28T14:37:16
MSG-20251115-D86E2DA3,ACSP,,2025-01-04T15:40:07
MSG-20251115-CB138004,ACSP,,2025-01-10T11:51:16
MSG-20251115-873F8074,ACSP,,2025-01-15T13:36:01
MSG-20251115-0D751ADB,ACSP,,2025-01-21T14:19:28
MSG-20251115-993B0BEB,ACSP,,2025-01-24T16:14:56
MSG-20251115-689ECAE3,ACSP,,2025-01-06T09:13:24
MSG-20251115-6FA17DF4,ACSP,,2025-01-06T10:17:28
MSG-20251115-538FA6FD,ACSP,,2025-01-17T10:52:57
MSG-20251115-A311F09E,ACSP,,2025-01-27T15:27:51
MSG-20251115-152C1A44,ACSP,,2025-01-17T13:13:37
MSG-20251115-01846CE6,ACSP,,2025-01-14T09:50:32
MSG-20251115-2A6842A6,ACSP,,2025-01-30T16:51:16
MSG-20251115-D6D85F7F,ACSP,,2025-01-28T09:00:22
MSG-20251115-7EEB8C65,ACSP,,2025-01-29T10:16:04
MSG-20251115-97DE548A,ACSP,,2025-01-22T15:38:38
MSG-20251115-3C37A0C3,ACSP,,2025-01-27T14:51:46
MSG-20251115-9E7AC17C,ACSP,,2025-01-29T15:34:32
MSG-20251115-2A0C1806,ACSP,,2025-01-14T13:05:42
MSG-20251115-061478DA,RJCT,AM04,2025-01-06T14:31:12
MSG-20251115-52A12E56,ACSP,,2025-01-03T16:10:50
MSG-20251115-EEE9B2F8,ACSP,,2025-01-04T13:37:12
MSG-20251115-166BA43C,ACSP,,2025-01-17T14:22:16
MSG-20251115-318477E8,ACSP,,2025-01-04T13:03:15
MSG-20251115-EBC77146,ACSP,,2025-01-28T13:55:40
MSG-20251115-13357DC4,ACSP,,2025-01-14T09:31:28
MSG-20251115-AF8B79AB,ACSP,,2025-01-18T13:20:25
MSG-20251115-59C1C80E,ACSP,,2025-01-23T14:25:54
MSG-20251115-6AF845AA,ACSP,,2025-01-19T15:06:42
MSG-20251115-EB36EC04,ACSP,,2025-01-11T16:41:15
MSG-20251115-D9EFC832,ACSP,,2025-01-24T11:09:38
MSG-20251115-911CB539,ACSP,,2025-01-25T10:28:08
MSG-20251115-110BC0C0,ACSP,,2025-01-01T10:00:24
MSG-20251115-D672E7AF,ACSP,,2025-01-18T11:46:56
MSG-20251115-1B05F46E,ACSP,,2025-01-04T14:31:43
MSG-20251115-AD4128B4,RJCT,AG01,2025-01-24T10:36:51
MSG-20251115-2E62E167,ACSP,,2025-01-10T11:00:56
MSG-20251115-8C4F64A5,ACSP,,2025-01-29T09:22:31
MSG-20251115-7135C14C,ACSP,,2025-01-05T14:02:48
MSG-20251115-53B13701,ACSP,,2025-01-27T10:12:33
MSG-20251115-5A3D3152,ACSP,,2025-01-25T16:00:12
MSG-20251115-8E86BA07,ACSP,,2025-01-16T11:45:51
MSG-20251115-A9DE97C4,ACSP,,2025-01-27T15:50:56
MSG-20251115-8CE9ACCC,ACSP,,2025-01-05T14:53:56
MSG-20251115-9A626548,RJCT,AG01,2025-01-24T14:52:08
MSG-20251115-C128DD5C,ACSP,,2025-01-01T11:26:43
MSG-20251115-656AA3BD,ACSP,,2025-01-18T13:57:45
MSG-20251115-152BD9F2,ACSP,,2025-01-21T09:36:28
MSG-20251115-3A479E70,ACSP,,2025-01-04T13:51:16
MSG-20251115-722F91D3,ACSP,,2025-01-08T11:20:11
MSG-20251115-2CCC81C1,ACSP,,2025-01-16T11:45:26
MSG-20251115-4C5EC937,ACSP,,2025-01-10T09:25:49
MSG-20251115-798DC2F5,ACSP,,2025-01-05T11:29:06
MSG-20251115-557238EB,ACSP,,2025-01-11T16:15:00
MSG-20251115-18443F09,ACSP,,2025-01-10T14:26:43
MSG-20251115-49D3EE45,ACSP,,2025-01-20T16:41:11
MSG-20251115-5D5EEA0A,ACSP,,2025-01-11T09:33:30
MSG-20251115-46475FBB,ACSP,,2025-01-04T16:48:10
MSG-20251115-17D354BF,ACSP,,2025-01-22T16:06:32
MSG-20251115-F908DA55,ACSP,,2025-01-16T16:29:19
MSG-20251115-FB9612DF,ACSP,,2025-01-18T11:48:50
MSG-20251115-1F3EF96A,ACSP,,2025-01-06T13:57:33
MSG-20251115-2210708E,ACSP,,2025-01-04T10:22:23
MSG-20251115-E8B8EB44,ACSP,,2025-01-11T09:36:19
MSG-20251115-2E563370,RJCT,BE04,2025-01-15T14:21:04
MSG-20251115-B08555A0,ACSP,,2025-01-25T16:20:36
MSG-20251115-226DB676,ACSP,,2025-01-04T11:39:49
MSG-20251115-CC001D99,ACSP,,2025-01-11T16:33:22
MSG-20251115-1C249971,ACSP,,2025-01-14T09:59:50
MSG-20251115-D7A6FD59,ACSP,,2025-01-30T09:35:16
MSG-20251115-2688C542,ACSP,,2025-01-26T16:33:00
MSG-20251115-8EE30B86,ACSP,,2025-01-11T13:04:32
MSG-20251115-230181BF,RJCT,AM04,2025-01-11T15:45:19
MSG-20251115-458B8245,ACSP,,2025-01-04T10:38:39
MSG-20251115-3B34271A,ACSP,,2025-01-09T15:26:22
MSG-20251115-DA6F5B38,ACSP,,2025-01-30T16:40:30
MSG-20251115-EC8530F5,ACSP,,2025-01-05T10:41:25
MSG-20251115-820D8160,ACSP,,2025-01-02T10:40:07
MSG-20251115-09EC83A3,ACSP,,2025-01-16T16:39:28
MSG-20251115-FD63468C,ACSP,,2025-01-23T09:36:57
MSG-20251115-318EF0FE,ACSP,,2025-01-21T11:26:37
MSG-20251115-14B0C0A0,ACSP,,2025-01-19T11:29:56
MSG-20251115-3BEE15E3,ACSP,,2025-01-21T13:39:10
MSG-20251115-FCF18843,ACSP,,2025-01-06T16:05:06
MSG-20251115-A30791F2,ACSP,,2025-01-10T10:37:00
MSG-20251115-39F7D271,ACSP,,2025-01-25T10:36:12
MSG-20251115-A227C1C7,ACSP,,2025-01-14T14:52:15
MSG-20251115-F859D7CF,ACSP,,2025-01-24T16:43:47
MSG-20251115-5D4C2441,ACSP,,2025-01-25T09:39:46
MSG-20251115-3F046C29,ACSP,,2025-01-19T09:56:11
MSG-20251115-E4BA6C30,ACSP,,2025-01-12T11:10:25
MSG-20251115-0C41B6DE,ACSP,,2025-01-03T13:56:54
MSG-20251115-3039EE3E,ACSP,,2025-01-24T09:52:41
MSG-20251115-46993501,ACSP,,2025-01-24T13:08:24
MSG-20251115-5A61DB00,ACSP,,2025-01-28T10:08:47
MSG-20251115-8E51369E,ACSP,,2025-01-04T16:49:35
MSG-20251115-DE870BAA,ACSP,,2025-01-28T10:49:11
MSG-20251115-5398DFBB,ACSP,,2025-01-07T13:31:43
MSG-20251115-51F1C4FA,ACSP,,2025-01-13T15:27:36
MSG-20251115-58662101,ACSP,,2025-01-19T16:14:20
MSG-20251115-D22E2ED7,ACSP,,2025-01-21T11:37:17
MSG-20251115-F90BCCE7,ACSP,,2025-01-22T16:06:02
MSG-20251115-09AA1BCA,ACSP,,2025-01-19T16:24:27
MSG-20251115-DD29EA17,ACSP,,2025-01-22T10:03:12
MSG-20251115-81892701,ACSP,,2025-01-06T14:01:58
MSG-20251115-87D317C3,ACSP,,2025-01-01T11:17:15
MSG-20251115-E76BA1CE,ACSP,,2025-01-03T15:48:16
MSG-20251115-E88782BA,ACSP,,2025-01-21T16:23:05
MSG-20251115-D6FCF15B,ACSP,,2025-01-04T09:13:07
MSG-20251115-A5758C3A,ACSP,,2025-01-01T11:09:51
MSG-20251115-6D6FE456,ACSP,,2025-01-21T11:46:20
MSG-20251115-A198B04C,ACSP,,2025-01-26T16:01:39
MSG-20251115-B57A9272,ACSP,,2025-01-13T11:47:47
MSG-20251115-A062E2A6,ACSP,,2025-01-25T11:59:37
MSG-20251115-9177F361,ACSP,,2025-01-18T13:31:12
MSG-20251115-97D57D95,ACSP,,2025-01-21T14:55:05
MSG-20251115-21CE95FC,ACSP,,2025-01-25T13:52:34
MSG-20251115-15C313DE,ACSP,,2025-01-07T10:32:08
MSG-20251115-32708A1D,ACSP,,2025-01-13T11:52:09
MSG-20251115-7EF472D9,ACSP,,2025-01-23T09:41:22
MSG-20251115-F99347BB,ACSP,,2025-01-01T16:37:32
MSG-20251115-163DB779,ACSP,,2025-01-30T11:04:53
MSG-20251115-9BA1EF0A,ACSP,,2025-01-24T13:24:26
MSG-20251115-D452F107,ACSP,,2025-01-01T09:48:19
MSG-20251115-21F8D56E,ACSP,,2025-01-04T10:14:42
MSG-20251115-35EB4241,ACSP,,2025-01-02T10:33:04
MSG-20251115-FFE9F1CC,ACSP,,2025-01-25T11:37:16
MSG-20251115-F580D5A5,ACSP,,2025-01-24T14:17:44
MSG-20251115-99862E8D,ACSP,,2025-01-16T15:20:30
MSG-20251115-DF02D8A7,ACSP,,2025-01-14T09:07:40
MSG-20251115-40F28217,ACSP,,2025-01-04T13:26:07
MSG-20251115-780F112F,ACSP,,2025-01-23T13:11:55
MSG-20251115-71776F52,ACSP,,2025-01-25T15:16:13
MSG-20251115-853B165D,RJCT,RC01,2025-01-07T14:37:16
MSG-20251115-5B155F75,ACSP,,2025-01-01T09:06:40
MSG-20251115-56780969,ACSP,,2025-01-26T14:15:03
MSG-20251115-4413E09C,ACSP,,2025-01-06T16:06:36
MSG-20251115-F6EBF793,ACSP,,2025-01-29T09:44:53
MSG-20251115-3E9A8128,ACSP,,2025-01-11T15:48:43
MSG-20251115-15D62744,ACSP,,2025-01-18T15:04:53
MSG-20251115-5A9E5877,ACSP,,2025-01-02T16:56:25
MSG-20251115-F33A1F36,ACSP,,2025-01-12T16:06:36
MSG-20251115-587117D6,ACSP,,2025-01-30T10:18:45
MSG-20251115-0EF2EB33,ACSP,,2025-01-24T15:30:41
MSG-20251115-D8F19FCD,RJCT,AC01,2025-01-14T13:42:59
MSG-20251115-8ED9BF59,ACSP,,2025-01-03T13:32:03
MSG-20251115-A557FF0A,ACSP,,2025-01-09T11:56:30
MSG-20251115-CD82864F,ACSP,,2025-01-02T16:07:30
MSG-20251115-379346D9,ACSP,,2025-01-26T14:36:58
MSG-20251115-6D2D518D,ACSP,,2025-01-18T14:54:02
MSG-20251115-6CE24536,ACSP,,2025-01-30T09:34:09
MSG-20251115-55FF79E4,ACSP,,2025-01-15T15:45:11
MSG-20251115-583D7AB9,ACSP,,2025-01-10T10:57:56
MSG-20251115-A929C8E2,ACSP,,2025-01-13T10:50:20
MSG-20251115-E81D76B0,ACSP,,2025-01-27T16:53:52
MSG-20251115-5EF022A9,ACSP,,2025-01-15T09:34:42
MSG-20251115-0389B775,ACSP,,2025-01-09T14:13:00
MSG-20251115-B362E429,ACSP,,2025-01-22T13:10:08
MSG-20251115-2B5B7A35,ACSP,,2025-01-01T09:01:38
MSG-20251115-AFA8A7C2,ACSP,,2025-01-15T16:40:44
MSG-20251115-ADA9834E,ACSP,,2025-01-09T09:27:49
MSG-20251115-B22A44BB,ACSP,,2025-01-19T15:50:39
MSG-20251115-3FC5139D,ACSP,,2025-01-07T14:50:57
MSG-20251115-8783F743,RJCT,AM04,2025-01-01T10:54:29
MSG-20251115-E7A2EE30,ACSP,,2025-01-16T11:26:44
MSG-20251115-0119C25F,ACSP,,2025-01-08T14:08:23
MSG-20251115-41E09AE0,ACSP,,2025-01-11T09:45:29
MSG-20251115-26D4F7D1,ACSP,,2025-01-17T16:51:55
MSG-20251115-8F5E2795,ACSP,,2025-01-26T15:45:24
MSG-20251115-3920889D,ACSP,,2025-01-14T14:02:08
MSG-20251115-88D7DC7C,ACSP,,2025-01-19T13:18:57
MSG-20251115-9A922818,ACSP,,2025-01-02T10:09:38
MSG-20251115-47542EFD,ACSP,,2025-01-30T16:44:34
MSG-20251115-1282863F,ACSP,,2025-01-05T14:09:39
MSG-20251115-A61A5566,ACSP,,2025-01-23T11:09:36
MSG-20251115-64E9B406,ACSP,,2025-01-14T11:11:04
MSG-20251115-94FACFCB,ACSP,,2025-01-03T16:42:38
MSG-20251115-91A3405F,ACSP,,2025-01-22T14:04:59
MSG-20251115-8A1ADAB7,RJCT,AC01,2025-01-10T13:59:23
MSG-20251115-8E8914AF,RJCT,AC01,2025-01-08T09:18:21
MSG-20251115-BE6CEB37,ACSP,,2025-01-17T16:31:35
MSG-20251115-4CC2E993,ACSP,,2025-01-29T16:39:05
MSG-20251115-6099B902,ACSP,,2025-01-21T11:36:32
MSG-20251115-0D0AFBEB,ACSP,,2025-01-25T11:15:28
MSG-20251115-CE0F01B2,ACSP,,2025-01-21T16:10:08
MSG-20251115-7A4EB233,ACSP,,2025-01-04T10:06:18
MSG-20251115-75889BCC,ACSP,,2025-01-16T15:10:18
MSG-20251115-591A5128,ACSP,,2025-01-14T10:11:50
MSG-20251115-B50C2EA6,ACSP,,2025-01-22T16:27:03
MSG-20251115-A4AC84B6,ACSP,,2025-01-30T11:47:53
MSG-20251115-957CEBFB,ACSP,,2025-01-29T14:58:26
MSG-20251115-AA0CEE30,ACSP,,2025-01-16T14:56:44
MSG-20251115-D523E2DA,ACSP,,2025-01-01T09:28:16
MSG-20251115-D424E899,ACSP,,2025-01-05T16:16:06
MSG-20251115-FBEE2F06,ACSP,,2025-01-24T15:00:16
MSG-20251115-3ED9B438,ACSP,,2025-01-11T15:43:43
MSG-20251115-0AC791FC,ACSP,,2025-01-12T11:39:28
MSG-20251115-E57C99D2,ACSP,,2025-01-25T09:07:05
MSG-20251115-4F812CEB,ACSP,,2025-01-15T16:00:30
MSG-20251115-C244C8E5,ACSP,,2025-01-17T15:59:14
MSG-20251115-39E2F147,ACSP,,2025-01-18T09:27:49
MSG-20251115-B901709A,ACSP,,2025-01-27T09:03:00
MSG-20251115-BB1A6C39,RJCT,BE04,2025-01-22T13:19:20
MSG-20251115-AF18FBCB,ACSP,,2025-01-02T11:41:58
MSG-20251115-FBB3FC8A,ACSP,,2025-01-05T09:48:53
MSG-20251115-91F48A52,ACSP,,2025-01-02T13:13:53
MSG-20251115-6541FEB5,ACSP,,2025-01-03T15:18:55
MSG-20251115-A13069FE,ACSP,,2025-01-04T15:47:22
MSG-20251115-EE46FB76,ACSP,,2025-01-25T13:07:10
MSG-20251115-08D74E64,ACSP,,2025-01-22T13:42:09
MSG-20251115-09E0505F,ACSP,,2025-01-27T10:22:37
MSG-20251115-00CB717F,ACSP,,2025-01-11T16:23:07
MSG-20251115-DF4890CE,ACSP,,2025-01-18T10:46:23
MSG-20251115-746F328F,ACSP,,2025-01-20T15:03:53
MSG-20251115-9FC28F0A,ACSP,,2025-01-01T10:47:13
MSG-20251115-7423CBC1,ACSP,,2025-01-05T16:46:16
MSG-20251115-1D58B4D9,ACSP,,2025-01-16T11:57:21
MSG-20251115-2DD85E18,ACSP,,2025-01-06T15:19:39
MSG-20251115-AFE744C2,ACSP,,2025-01-26T11:32:06
MSG-20251115-D76F2E23,ACSP,,2025-01-07T15:52:34
MSG-20251115-74E5D788,ACSP,,2025-01-13T10:02:39
MSG-20251115-845387FD,ACSP,,2025-01-13T13:32:31
MSG-20251115-F604BCD3,ACSP,,2025-01-20T13:08:12
MSG-20251115-666DAF91,ACSP,,2025-01-02T13:07:54
MSG-20251115-C2F01D53,ACSP,,2025-01-16T09:15:11
MSG-20251115-44CB95DC,ACSP,,2025-01-10T15:14:41
MSG-20251115-449E2B9C,ACSP,,2025-01-10T10:58:40
MSG-20251115-3D8B9484,ACSP,,2025-01-30T09:50:26
MSG-20251115-01BBCA5D,ACSP,,2025-01-02T16:07:08
MSG-20251115-9C2BE372,ACSP,,2025-01-23T11:27:48
MSG-20251115-2948C0A1,ACSP,,2025-01-10T10:06:12
MSG-20251115-60FB492B,ACSP,,2025-01-30T14:28:53
MSG-20251115-AEB2A2E9,ACSP,,2025-01-11T14:17:00
MSG-20251115-8DC380E1,ACSP,,2025-01-18T15:05:25
MSG-20251115-3E8ACCE2,ACSP,,2025-01-19T11:52:33
MSG-20251115-33009A4D,ACSP,,2025-01-05T14:58:34
MSG-20251115-F5601908,ACSP,,2025-01-24T14:01:28
MSG-20251115-6B14F68A,ACSP,,2025-01-25T11:29:02
MSG-20251115-AFEAA229,ACSP,,2025-01-04T09:31:37
MSG-20251115-D49AA2A2,ACSP,,2025-01-13T15:18:09
MSG-20251115-899FEE54,ACSP,,2025-01-22T13:04:21
MSG-20251115-DEADA503,ACSP,,2025-01-25T16:30:25
MSG-20251115-D2C95F83,ACSP,,2025-01-22T16:26:16
MSG-20251115-994B6B39,ACSP,,2025-01-22T10:27:48
MSG-20251115-C0ACE2D0,ACSP,,2025-01-15T14:29:30
MSG-20251115-6EBA12E2,ACSP,,2025-01-05T14:04:50
MSG-20251115-1B3F1C54,RJCT,BE04,2025-01-14T13:09:35
MSG-20251115-BFD29629,ACSP,,2025-01-20T09:27:48
MSG-20251115-C7C003E6,ACSP,,2025-01-06T09:47:31
MSG-20251115-68B5911B,ACSP,,2025-01-26T09:47:12
MSG-20251115-CBA51EC0,ACSP,,2025-01-29T11:40:49
MSG-20251115-7B82AAC4,ACSP,,2025-01-22T13:50:40
MSG-20251115-798C2933,ACSP,,2025-01-16T13:23:16
MSG-20251115-AC36ED8A,ACSP,,2025-01-08T15:53:27
MSG-20251115-3C1C0C79,ACSP,,2025-01-28T14:51:30
MSG-20251115-50516AEB,ACSP,,2025-01-06T13:10:08
MSG-20251115-8DB99BEA,ACSP,,2025-01-21T14:29:13
MSG-20251115-576EB639,ACSP,,2025-01-02T15:20:23
MSG-20251115-1B908CFF,ACSP,,2025-01-19T10:15:59
MSG-20251115-2860AEB3,ACSP,,2025-01-07T10:58:42
MSG-20251115-A6EF4B6F,ACSP,,2025-01-04T11:12:37
MSG-20251115-2C661C3A,ACSP,,2025-01-14T10:01:56
MSG-20251115-A962C095,ACSP,,2025-01-26T09:27:27
MSG-20251115-F90307D6,ACSP,,2025-01-02T11:39:51
MSG-20251115-4905EDCE,ACSP,,2025-01-09T11:25:53
MSG-20251115-FAB10D6D,ACSP,,2025-01-26T14:29:37
MSG-20251115-2A3AE37E,ACSP,,2025-01-25T11:18:04
MSG-20251115-D96A83AF,ACSP,,2025-01-24T10:15:26
MSG-20251115-D884120C,RJCT,AM04,2025-01-06T10:08:14
MSG-20251115-C5E58705,ACSP,,2025-01-02T16:56:43
MSG-20251115-EC6F5588,ACSP,,2025-01-15T15:11:25
MSG-20251115-9D5A6465,ACSP,,2025-01-20T13:43:00
MSG-20251115-E938D6E5,ACSP,,2025-01-10T15:00:24
MSG-20251115-EAB3CABB,ACSP,,2025-01-02T10:00:43
MSG-20251115-827265C2,ACSP,,2025-01-06T16:52:54
MSG-20251115-61B7E1EB,ACSP,,2025-01-20T09:19:24
MSG-20251115-5DB60BF5,ACSP,,2025-01-29T16:24:06
MSG-20251115-A0CADBF5,RJCT,FF01,2025-01-12T09:02:49
MSG-20251115-EC9E7654,ACSP,,2025-01-04T10:50:01
MSG-20251115-A42CBBAA,ACSP,,2025-01-28T14:39:58
MSG-20251115-12FCB4A4,ACSP,,2025-01-20T16:51:42
MSG-20251115-259FB912,ACSP,,2025-01-13T16:40:35
MSG-20251115-C98AEF5C,RJCT,AC01,2025-01-19T13:50:40
MSG-20251115-FF7D479D,ACSP,,2025-01-03T16:39:51
MSG-20251115-141B60D2,ACSP,,2025-01-02T09:09:57
MSG-20251115-B0C33347,ACSP,,2025-01-10T10:25:38
MSG-20251115-942FF767,ACSP,,2025-01-20T15:59:17
MSG-20251115-8D753026,ACSP,,2025-01-19T16:12:21
MSG-20251115-BE8E6BAB,ACSP,,2025-01-12T16:49:30
MSG-20251115-0D7622B2,ACSP,,2025-01-05T13:58:19
MSG-20251115-74BE76B3,ACSP,,2025-01-29T10:29:21
MSG-20251115-B2FF2599,ACSP,,2025-01-19T10:11:03
MSG-20251115-E381071A,RJCT,RC01,2025-01-02T16:11:27
MSG-20251115-777CC2FE,ACSP,,2025-01-12T09:21:48
MSG-20251115-57BF2EA7,ACSP,,2025-01-19T13:07:24
MSG-20251115-92F5D1AF,ACSP,,2025-01-16T10:31:40
MSG-20251115-CE8575DA,ACSP,,2025-01-23T13:17:22
MSG-20251115-45EB85A9,RJCT,AM04,2025-01-23T10:54:04
MSG-20251115-A48D61E6,ACSP,,2025-01-16T09:29:45
MSG-20251115-EC3D5296,ACSP,,2025-01-25T16:40:25
MSG-20251115-1781A783,ACSP,,2025-01-06T11:31:56
MSG-20251115-29812C9A,ACSP,,2025-01-29T10:23:02
MSG-20251115-BF6C88A4,RJCT,AC01,2025-01-27T13:37:06
MSG-20251115-D66C59BA,ACSP,,2025-01-05T14:53:51
MSG-20251115-99E9A02F,ACSP,,2025-01-05T13:40:08
MSG-20251115-9020DF6C,ACSP,,2025-01-03T15:40:03
MSG-20251115-292BB271,ACSP,,2025-01-01T15:07:29
MSG-20251115-CBE4BD98,ACSP,,2025-01-25T11:30:40
MSG-20251115-0E85BFCE,ACSP,,2025-01-21T09:06:30
MSG-20251115-EC76C0CD,ACSP,,2025-01-19T10:12:10
MSG-20251115-156854D5,ACSP,,2025-01-27T13:30:30
MSG-20251115-4FCC0D0D,ACSP,,2025-01-27T15:03:47
MSG-20251115-ADAF49E0,ACSP,,2025-01-27T11:44:21
MSG-20251115-6F27D216,ACSP,,2025-01-19T16:16:56
MSG-20251115-4D4ABB29,ACSP,,2025-01-10T15:31:55
MSG-20251115-D13BB8F5,ACSP,,2025-01-23T09:28:48
MSG-20251115-261A8017,RJCT,AG01,2025-01-13T11:27:33
MSG-20251115-D82F1291,ACSP,,2025-01-28T16:27:00
MSG-20251115-85DD0B2C,ACSP,,2025-01-19T11:15:41
MSG-20251115-71C1CFDB,ACSP,,2025-01-27T14:45:17
MSG-20251115-F24D5087,ACSP,,2025-01-26T14:08:05
MSG-20251115-596E487C,ACSP,,2025-01-05T16:49:10
MSG-20251115-EF9CF334,ACSP,,2025-01-30T13:13:43
MSG-20251115-97499F00,ACSP,,2025-01-16T14:51:31
MSG-20251115-10BF3237,ACSP,,2025-01-20T11:12:23
MSG-20251115-C8EFC88E,ACSP,,2025-01-16T11:58:38
MSG-20251115-E7F317DD,ACSP,,2025-01-27T15:33:56
MSG-20251115-2E671509,ACSP,,2025-01-29T16:19:52
MSG-20251115-2864F5ED,ACSP,,2025-01-25T14:11:35
MSG-20251115-5AF60D36,ACSP,,2025-01-17T15:26:34
MSG-20251115-B3BFB198,ACSP,,2025-01-12T15:20:05
MSG-20251115-E613801D,ACSP,,2025-01-14T10:38:54
MSG-20251115-1F18D460,ACSP,,2025-01-24T13:18:11
MSG-20251115-78A792C7,ACSP,,2025-01-17T15:23:09
MSG-20251115-D3A00F27,ACSP,,2025-01-13T13:19:05
MSG-20251115-63E7B57D,ACSP,,2025-01-19T15:15:18
MSG-20251115-4304A7E5,ACSP,,2025-01-10T14:57:55
MSG-20251115-BEDB447D,ACSP,,2025-01-17T10:18:02
MSG-20251115-3DBB8E09,ACSP,,2025-01-18T15:30:53
MSG-20251115-D8B598C8,ACSP,,2025-01-05T14:00:01
MSG-20251115-7C8DE3AD,ACSP,,2025-01-22T11:47:37
MSG-20251115-AF967202,ACSP,,2025-01-05T14:32:43
MSG-20251115-00E64409,ACSP,,2025-01-11T09:47:46
MSG-20251115-4C7DA20F,ACSP,,2025-01-14T15:29:16
MSG-20251115-1B41C2EE,ACSP,,2025-01-15T11:29:16
MSG-20251115-A4383780,ACSP,,2025-01-21T14:45:32
MSG-20251115-71EEEA7B,ACSP,,2025-01-18T16:12:42
MSG-20251115-2692B1B1,ACSP,,2025-01-25T09:42:16
MSG-20251115-7069276B,ACSP,,2025-01-07T10:52:09
MSG-20251115-EEEFDACC,ACSP,,2025-01-07T11:46:34
MSG-20251115-44B68362,ACSP,,2025-01-13T09:50:39
MSG-20251115-F1E8C610,RJCT,FF01,2025-01-05T15:08:06
MSG-20251115-7990541C,ACSP,,2025-01-18T15:27:39
MSG-20251115-0144E81B,ACSP,,2025-01-27T09:52:13
MSG-20251115-B34B7B68,ACSP,,2025-01-26T10:40:01
MSG-20251115-C65746CE,ACSP,,2025-01-16T09:38:40
MSG-20251115-DCF6AFE5,ACSP,,2025-01-15T09:31:17
MSG-20251115-E927621F,ACSP,,2025-01-06T14:40:14
MSG-20251115-726C1989,ACSP,,2025-01-22T15:16:17
MSG-20251115-512F8730,ACSP,,2025-01-04T11:24:43
MSG-20251115-CBF56C58,ACSP,,2025-01-20T11:56:08
MSG-20251115-A5AC4014,ACSP,,2025-01-09T16:38:35
MSG-20251115-A101F14B,ACSP,,2025-01-23T16:53:28
MSG-20251115-98D53EEF,ACSP,,2025-01-16T10:58:48
MSG-20251115-10DE65A9,ACSP,,2025-01-22T09:23:46
MSG-20251115-3C945E61,ACSP,,2025-01-13T13:58:16
MSG-20251115-15A87A40,ACSP,,2025-01-07T14:53:09
MSG-20251115-102F254F,ACSP,,2025-01-21T11:03:13
MSG-20251115-04481DDC,ACSP,,2025-01-15T16:27:44
MSG-20251115-BFF052F1,ACSP,,2025-01-27T11:57:38
MSG-20251115-92647B87,ACSP,,2025-01-15T16:35:26
MSG-20251115-F2E0FEDE,ACSP,,2025-01-03T09:28:48
MSG-20251115-8418B153,ACSP,,2025-01-28T09:11:47
MSG-20251115-89BC79AA,ACSP,,2025-01-27T09:16:31
MSG-20251115-4A6B24C0,ACSP,,2025-01-07T13:18:12
MSG-20251115-B485035A,ACSP,,2025-01-21T11:23:03
MSG-20251115-4B366537,ACSP,,2025-01-24T13:20:26
MSG-20251115-161F07D0,ACSP,,2025-01-14T10:01:30
MSG-20251115-A031EA84,ACSP,,2025-01-12T16:00:43
MSG-20251115-ABCF2522,ACSP,,2025-01-08T10:25:51
MSG-20251115-DC871E74,ACSP,,2025-01-13T11:09:24
MSG-20251115-7C1136E6,ACSP,,2025-01-09T10:51:35
MSG-20251115-601CAAE2,ACSP,,2025-01-22T09:16:50
MSG-20251115-839F5A2C,ACSP,,2025-01-28T13:39:03
MSG-20251115-CA6D7496,RJCT,AG01,2025-01-14T16:13:49
MSG-20251115-FB672430,ACSP,,2025-01-20T15:42:43
MSG-20251115-52861740,ACSP,,2025-01-19T11:38:48
MSG-20251115-A9716391,ACSP,,2025-01-20T10:26:28
MSG-20251115-2C63A760,ACSP,,2025-01-14T14:05:03
MSG-20251115-373F652E,ACSP,,2025-01-19T13:41:15
MSG-20251115-D12D2C41,ACSP,,2025-01-18T10:31:57
MSG-20251115-93099BE6,ACSP,,2025-01-01T11:08:26
MSG-20251115-EA349F58,ACSP,,2025-01-04T11:13:55
MSG-20251115-432B496F,ACSP,,2025-01-13T09:02:17
MSG-20251115-AE04A251,ACSP,,2025-01-05T15:42:21
MSG-20251115-C8516CEF,RJCT,AC01,2025-01-28T11:50:09
MSG-20251115-BB74CE02,ACSP,,2025-01-17T15:39:15
MSG-20251115-9A1AE765,ACSP,,2025-01-02T10:42:10
MSG-20251115-E2BB19E7,ACSP,,2025-01-10T16:50:41
MSG-20251115-30AC3FBE,ACSP,,2025-01-02T10:12:33
MSG-20251115-5F823A8A,ACSP,,2025-01-14T14:41:39
MSG-20251115-FCCE03F0,ACSP,,2025-01-30T10:56:41
MSG-20251115-06B97294,ACSP,,2025-01-18T16:00:26
MSG-20251115-F7710CA2,ACSP,,2025-01-15T10:28:00
MSG-20251115-F269E8D7,ACSP,,2025-01-05T15:52:22
MSG-20251115-E5E2CD73,ACSP,,2025-01-26T11:33:31
MSG-20251115-1612AB0E,ACSP,,2025-01-22T16:33:10
MSG-20251115-3884A851,ACSP,,2025-01-16T14:33:53
MSG-20251115-192F937E,RJCT,AG01,2025-01-14T09:51:59
MSG-20251115-5086E2B8,ACSP,,2025-01-19T16:35:20
MSG-20251115-357D03A5,ACSP,,2025-01-24T16:55:36
MSG-20251115-F647A46B,ACSP,,2025-01-25T11:33:51
MSG-20251115-ADFA3E1E,ACSP,,2025-01-25T16:21:38
MSG-20251115-0261B689,ACSP,,2025-01-03T15:52:00
MSG-20251115-46EFB983,ACSP,,2025-01-03T14:47:34
MSG-20251115-CDB403D0,ACSP,,2025-01-12T14:13:12
MSG-20251115-E4447AC7,ACSP,,2025-01-12T11:37:20
MSG-20251115-3A0BB07B,ACSP,,2025-01-09T11:49:11
MSG-20251115-B7D703AE,ACSP,,2025-01-30T14:03:31
MSG-20251115-4D8ED392,ACSP,,2025-01-01T10:16:54
MSG-20251115-6B88BA76,ACSP,,2025-01-01T15:17:10
MSG-20251115-175285F3,ACSP,,2025-01-19T14:27:11
MSG-20251115-B3BE9042,ACSP,,2025-01-21T13:50:52
MSG-20251115-5887B5BC,ACSP,,2025-01-11T16:41:35
MSG-20251115-82C58088,ACSP,,2025-01-23T10:14:07
MSG-20251115-FCF73190,ACSP,,2025-01-02T16:41:29
MSG-20251115-58D9545C,ACSP,,2025-01-16T09:34:50
MSG-20251115-A6C9B8B8,ACSP,,2025-01-22T13:08:12
MSG-20251115-17285407,ACSP,,2025-01-03T09:13:47
MSG-20251115-36487837,ACSP,,2025-01-11T10:19:07
MSG-20251115-7335CBBB,ACSP,,2025-01-08T16:45:11
MSG-20251115-15113FAA,ACSP,,2025-01-15T15:46:52
MSG-20251115-D060D5F2,ACSP,,2025-01-22T09:32:37
MSG-20251115-4734F9F5,ACSP,,2025-01-24T13:54:02
MSG-20251115-B996C371,ACSP,,2025-01-30T13:13:40
MSG-20251115-50B8FBCB,ACSP,,2025-01-27T10:39:12
MSG-20251115-91AD6F00,ACSP,,2025-01-14T16:59:41
MSG-20251115-4AF107DC,ACSP,,2025-01-12T16:01:11
MSG-20251115-9A775AFA,ACSP,,2025-01-05T11:33:24
MSG-20251115-9DEFBC0D,ACSP,,2025-01-11T15:03:52
MSG-20251115-73C9D94D,ACSP,,2025-01-27T09:25:23
MSG-20251115-801CCC6C,ACSP,,2025-01-09T15:00:45
MSG-20251115-9F5E0341,ACSP,,2025-01-19T09:11:17
MSG-20251115-6A3FB4ED,ACSP,,2025-01-01T10:17:55
MSG-20251115-72470C53,ACSP,,2025-01-19T14:47:33
MSG-20251115-3D5DB31B,ACSP,,2025-01-02T09:42:49
MSG-20251115-8C4ED1C8,ACSP,,2025-01-30T15:33:59
MSG-20251115-99A29A19,ACSP,,2025-01-11T11:51:12
MSG-20251115-4234E2C8,ACSP,,2025-01-04T10:01:23
MSG-20251115-C755AC1D,ACSP,,2025-01-21T11:36:23
MSG-20251115-E6AE9347,ACSP,,2025-01-13T14:10:43
MSG-20251115-FDE37B64,ACSP,,2025-01-11T13:27:53
MSG-20251115-28123CF8,ACSP,,2025-01-26T14:57:30
MSG-20251115-FC43E863,ACSP,,2025-01-10T14:58:59
MSG-20251115-76031FE9,ACSP,,2025-01-07T11:54:49
MSG-20251115-1DE55068,ACSP,,2025-01-07T13:00:37
MSG-20251115-C5CBABC8,ACSP,,2025-01-16T15:06:35
MSG-20251115-D1810742,ACSP,,2025-01-12T16:12:30
MSG-20251115-C0F1AFD8,ACSP,,2025-01-15T10:18:19
MSG-20251115-55799AF3,ACSP,,2025-01-22T15:21:57
MSG-20251115-A624BE7C,ACSP,,2025-01-19T13:05:45
MSG-20251115-C06EC840,ACSP,,2025-01-24T11:58:10
MSG-20251115-DA5EEDC4,ACSP,,2025-01-29T09:37:54
MSG-20251115-7834E18E,ACSP,,2025-01-13T10:00:44
MSG-20251115-B93EE43D,ACSP,,2025-01-28T14:54:55
MSG-20251115-8F2865E6,ACSP,,2025-01-19T16:11:17
MSG-20251115-BFC43763,ACSP,,2025-01-28T15:10:05
MSG-20251115-A7CE1BA2,ACSP,,2025-01-19T15:27:54
MSG-20251115-91E59194,ACSP,,2025-01-08T15:11:14
MSG-20251115-20987719,ACSP,,2025-01-06T14:32:31
MSG-20251115-4660F3D2,ACSP,,2025-01-02T16:16:25
MSG-20251115-B6D5B2DC,ACSP,,2025-01-03T14:42:13
MSG-20251115-F66DDA6E,ACSP,,2025-01-10T16:14:35
MSG-20251115-371EECBE,ACSP,,2025-01-29T10:00:38
MSG-20251115-925DF785,ACSP,,2025-01-27T11:47:21
MSG-20251115-AB180006,ACSP,,2025-01-14T10:47:09
MSG-20251115-C63F1609,ACSP,,2025-01-01T13:56:59
MSG-20251115-DD969394,ACSP,,2025-01-25T15:29:51
MSG-20251115-7DF6EC07,ACSP,,2025-01-15T16:13:58
MSG-20251115-3C429CF9,ACSP,,2025-01-30T11:50:09
MSG-20251115-847113B6,ACSP,,2025-01-18T11:03:43
MSG-20251115-BDF4AD3B,ACSP,,2025-01-06T10:34:41
MSG-20251115-A71C4174,ACSP,,2025-01-21T14:54:13
MSG-20251115-E08D6B0F,ACSP,,2025-01-01T13:44:23
MSG-20251115-F1A78294,ACSP,,2025-01-14T14:28:59
MSG-20251115-D341A989,ACSP,,2025-01-01T15:03:02
MSG-20251115-86E3D4D5,ACSP,,2025-01-29T15:17:59
MSG-20251115-6D829096,ACSP,,2025-01-20T14:44:19
MSG-20251115-D8F2D3F0,ACSP,,2025-01-27T10:53:57
MSG-20251115-0314C81D,ACSP,,2025-01-19T13:42:35
MSG-20251115-D8F84C03,ACSP,,2025-01-27T14:53:02
MSG-20251115-494DD0DE,ACSP,,2025-01-29T14:07:09
MSG-20251115-387AFDCE,ACSP,,2025-01-11T10:19:41
MSG-20251115-4863CEC8,ACSP,,2025-01-06T13:30:46
MSG-20251115-84CED31D,ACSP,,2025-01-10T16:56:30
MSG-20251115-A01734FB,ACSP,,2025-01-03T15:35:07
MSG-20251115-985B11FC,ACSP,,2025-01-17T13:37:20
MSG-20251115-CB53A4CF,ACSP,,2025-01-13T10:03:29
MSG-20251115-930CEB11,ACSP,,2025-01-13T11:32:13
MSG-20251115-95A66E79,ACSP,,2025-01-25T13:22:14
MSG-20251115-B3E7E9B2,ACSP,,2025-01-07T13:37:14
MSG-20251115-166701AC,ACSP,,2025-01-13T15:08:12
MSG-20251115-0E4261D2,ACSP,,2025-01-13T14:09:14
MSG-20251115-A95BDB33,ACSP,,2025-01-22T10:27:47
MSG-20251115-E008D55F,ACSP,,2025-01-11T15:52:00
MSG-20251115-7D5C1C99,ACSP,,2025-01-14T11:00:36
MSG-20251115-C0F45242,ACSP,,2025-01-26T10:58:28
MSG-20251115-65021622,ACSP,,2025-01-13T11:17:27
MSG-20251115-79A2669D,ACSP,,2025-01-03T15:35:06
MSG-20251115-9C83579A,ACSP,,2025-01-07T10:27:46
MSG-20251115-4049A51F,ACSP,,2025-01-27T14:59:13
MSG-20251115-04F768DD,ACSP,,2025-01-02T10:20:34
MSG-20251115-FF159575,ACSP,,2025-01-02T15:47:32
MSG-20251115-0F768714,ACSP,,2025-01-20T15:59:44
MSG-20251115-9960A424,ACSP,,2025-01-21T09:56:27
MSG-20251115-76F31E70,ACSP,,2025-01-27T11:23:11
MSG-20251115-FCB3340F,ACSP,,2025-01-20T11:36:12
MSG-20251115-23039AFA,ACSP,,2025-01-12T15:52:39
MSG-20251115-C16F0483,ACSP,,2025-01-16T13:43:53
MSG-20251115-439C8CAC,ACSP,,2025-01-05T13:29:40
MSG-20251115-DF4C8260,ACSP,,2025-01-21T15:55:14
MSG-20251115-C5AB21FB,ACSP,,2025-01-17T11:41:54
MSG-20251115-B24FC0EB,RJCT,RC01,2025-01-08T09:38:48
MSG-20251115-A9315A54,ACSP,,2025-01-15T11:41:42
MSG-20251115-E89E59FB,ACSP,,2025-01-24T11:46:54
MSG-20251115-F0458660,ACSP,,2025-01-26T13:35:39
MSG-20251115-6435150C,ACSP,,2025-01-06T16:44:22
MSG-20251115-5BE98B29,ACSP,,2025-01-24T10:25:49
MSG-20251115-F06E54D4,ACSP,,2025-01-30T10:14:35
MSG-20251115-896E29E5,ACSP,,2025-01-06T15:40:32
MSG-20251115-5D4BD1EA,ACSP,,2025-01-18T10:10:25
MSG-20251115-890A01FA,ACSP,,2025-01-19T11:28:28
MSG-20251115-40EB37E4,ACSP,,2025-01-08T16:31:39
MSG-20251115-C6FAB93C,ACSP,,2025-01-20T10:39:33
MSG-20251115-8F869823,ACSP,,2025-01-02T13:55:38
MSG-20251115-4C554286,RJCT,AG01,2025-01-26T14:30:49
MSG-20251115-0CE36F8C,ACSP,,2025-01-14T14:21:42
MSG-20251115-AF4B373B,ACSP,,2025-01-24T16:31:49
MSG-20251115-87C1B609,ACSP,,2025-01-20T09:38:11
MSG-20251115-B0FFEA0F,ACSP,,2025-01-13T15:37:51
MSG-20251115-8C4BD8E7,ACSP,,2025-01-07T10:01:46
MSG-20251115-27AF2D5D,ACSP,,2025-01-08T10:27:16
MSG-20251115-B8406CFA,ACSP,,2025-01-24T09:37:23
MSG-20251115-5A9E38AF,ACSP,,2025-01-17T15:09:12
MSG-20251115-14CDA2EE,ACSP,,2025-01-28T09:03:14
MSG-20251115-7DF709EC,ACSP,,2025-01-13T10:41:40
MSG-20251115-BCD320B6,RJCT,AC01,2025-01-20T14:03:28
MSG-20251115-61528DCC,ACSP,,2025-01-17T10:28:29
MSG-20251115-3213CBC1,ACSP,,2025-01-23T14:01:13
MSG-20251115-F00ECF1E,ACSP,,2025-01-04T11:22:44
MSG-20251115-6F968B19,ACSP,,2025-01-22T09:24:38
MSG-20251115-02ED6BC8,ACSP,,2025-01-23T15:19:11
MSG-20251115-7A2421FE,ACSP,,2025-01-03T11:04:31
MSG-20251115-FBE6E03C,ACSP,,2025-01-21T15:22:03
MSG-20251115-0084030D,ACSP,,2025-01-21T15:27:11
MSG-20251115-7C4E5338,ACSP,,2025-01-20T14:36:44
MSG-20251115-AF2A2213,ACSP,,2025-01-14T10:20:04
MSG-20251115-31814CD6,ACSP,,2025-01-27T15:28:56
MSG-20251115-D4F788BF,ACSP,,2025-01-07T16:41:56
MSG-20251115-88EC56C1,ACSP,,2025-01-12T10:34:17
MSG-20251115-499A72E8,ACSP,,2025-01-22T14:16:13
MSG-20251115-54BD6F19,ACSP,,2025-01-05T10:56:55
MSG-20251115-D18ECD5A,ACSP,,2025-01-27T16:15:38
MSG-20251115-32EEC1BA,ACSP,,2025-01-18T11:43:02
MSG-20251115-9A4C898F,ACSP,,2025-01-01T14:14:27
MSG-20251115-44FCD676,ACSP,,2025-01-13T16:49:55
MSG-20251115-9B844A76,ACSP,,2025-01-21T09:42:55
MSG-20251115-105CF2FA,ACSP,,2025-01-15T09:23:19
MSG-20251115-622F2B59,ACSP,,2025-01-13T10:37:57
MSG-20251115-95EA8065,ACSP,,2025-01-27T11:45:52
MSG-20251115-989D2A02,ACSP,,2025-01-27T10:13:59
MSG-20251115-D93AFAC7,ACSP,,2025-01-19T15:49:13
MSG-20251115-8A1A7CA2,ACSP,,2025-01-25T09:55:31
MSG-20251115-7D5E5313,RJCT,RC01,2025-01-23T15:12:54
MSG-20251115-FE964D6A,ACSP,,2025-01-15T09:40:58
MSG-20251115-6F2C483C,RJCT,AM04,2025-01-01T16:21:38
MSG-20251115-64113E69,ACSP,,2025-01-05T15:58:13
MSG-20251115-A118C909,ACSP,,2025-01-03T16:49:49
MSG-20251115-3FE87FF1,ACSP,,2025-01-20T13:01:07
MSG-20251115-A71EE53D,ACSP,,2025-01-21T11:18:57
MSG-20251115-A88FA4C7,ACSP,,2025-01-08T15:58:42
MSG-20251115-F7291DE9,ACSP,,2025-01-14T11:09:38
MSG-20251115-0A31FDC7,ACSP,,2025-01-25T16:25:57
MSG-20251115-9A3B7079,ACSP,,2025-01-29T10:43:26
MSG-20251115-AFB70192,ACSP,,2025-01-22T14:25:55
MSG-20251115-C2C35ED2,RJCT,AC01,2025-01-30T15:54:16
MSG-20251115-BDD3928B,ACSP,,2025-01-03T13:49:35
MSG-20251115-6699D522,ACSP,,2025-01-16T16:12:29
MSG-20251115-22C06BE3,ACSP,,2025-01-25T16:16:09
MSG-20251115-4E435719,ACSP,,2025-01-12T13:33:15
MSG-20251115-E3CC4888,ACSP,,2025-01-23T15:40:13
MSG-20251115-2E27A826,ACSP,,2025-01-03T16:59:58
MSG-20251115-4655F5C7,ACSP,,2025-01-08T14:34:00
MSG-20251115-AA8B570F,ACSP,,2025-01-23T10:55:03
MSG-20251115-A4DC40C2,ACSP,,2025-01-03T11:14:10
MSG-20251115-27AE13A5,ACSP,,2025-01-14T14:36:37
MSG-20251115-F472FEB3,ACSP,,2025-01-26T10:05:29
MSG-20251115-7B70416C,ACSP,,2025-01-14T11:09:01
MSG-20251115-52E3433C,ACSP,,2025-01-05T15:29:28
MSG-20251115-271B97E7,ACSP,,2025-01-09T16:48:17
MSG-20251115-95CA41E4,ACSP,,2025-01-07T09:12:41
MSG-20251115-4A484E88,ACSP,,2025-01-22T11:57:03
MSG-20251115-7A153C77,ACSP,,2025-01-26T16:01:55
MSG-20251115-E5169B13,ACSP,,2025-01-09T11:50:28
MSG-20251115-5CD1AAFA,ACSP,,2025-01-29T16:14:15
MSG-20251115-D6472182,RJCT,MD07,2025-01-02T09:21:49
MSG-20251115-54C07F03,RJCT,AM04,2025-01-13T16:45:02
MSG-20251115-BCAB5048,ACSP,,2025-01-25T16:17:38
MSG-20251115-4B4CDC47,RJCT,AM04,2025-01-08T13:12:02
MSG-20251115-01281523,ACSP,,2025-01-08T13:41:06
MSG-20251115-17BA50CC,ACSP,,2025-01-11T16:14:51
MSG-20251115-2A0FA76B,ACSP,,2025-01-14T15:00:28
MSG-20251115-98429AEC,ACSP,,2025-01-09T16:50:58
MSG-20251115-B27E44B5,ACSP,,2025-01-21T15:56:21
MSG-20251115-3F08D8B4,ACSP,,2025-01-06T10:32:15
MSG-20251115-B1D49123,ACSP,,2025-01-23T16:26:17
MSG-20251115-D427EFF3,ACSP,,2025-01-25T14:11:03
MSG-20251115-51BE0DB1,ACSP,,2025-01-14T11:07:12
MSG-20251115-336069BE,ACSP,,2025-01-13T15:39:56
MSG-20251115-5D518464,ACSP,,2025-01-14T13:21:43
MSG-20251115-7280DADB,ACSP,,2025-01-25T13:52:34
MSG-20251115-17F3B7FF,ACSP,,2025-01-07T13:51:42
MSG-20251115-556D06B1,ACSP,,2025-01-11T14:05:38
MSG-20251115-34A52CC3,ACSP,,2025-01-11T11:14:44
MSG-20251115-0E97C08F,ACSP,,2025-01-22T10:02:00
MSG-20251115-4A494505,ACSP,,2025-01-19T14:40:33
MSG-20251115-60C43E8F,ACSP,,2025-01-04T11:58:49
MSG-20251115-C6E2B72E,ACSP,,2025-01-03T09:16:51
MSG-20251115-71F24D42,ACSP,,2025-01-02T14:47:11
MSG-20251115-0C90353E,RJCT,AM05,2025-01-18T13:01:34
MSG-20251115-ABF001EA,ACSP,,2025-01-05T09:19:40
MSG-20251115-9B3766F4,ACSP,,2025-01-06T11:44:03
MSG-20251115-157E0310,ACSP,,2025-01-12T15:27:49
MSG-20251115-C6DBB977,ACSP,,2025-01-01T16:27:00
MSG-20251115-CFED6E6D,ACSP,,2025-01-06T13:28:30
MSG-20251115-47501B24,ACSP,,2025-01-15T13:02:03
MSG-20251115-965531E0,ACSP,,2025-01-02T09:26:46
MSG-20251115-11E57023,ACSP,,2025-01-13T15:49:08
MSG-20251115-F25B27FA,RJCT,AC01,2025-01-07T16:15:49
MSG-20251115-638215A2,ACSP,,2025-01-22T15:14:03
MSG-20251115-D1F6A2A3,ACSP,,2025-01-27T10:37:31
MSG-20251115-BDC4D742,ACSP,,2025-01-16T10:14:49
MSG-20251115-5AF9D952,ACSP,,2025-01-01T11:39:47
MSG-20251115-52B71C80,ACSP,,2025-01-21T16:02:52
MSG-20251115-0DB4CAE7,ACSP,,2025-01-13T10:02:20
MSG-20251115-76257348,ACSP,,2025-01-05T09:58:03
MSG-20251115-8A993285,ACSP,,2025-01-18T11:10:53
MSG-20251115-BD6D3B8A,ACSP,,2025-01-23T14:38:40
MSG-20251115-D5531874,ACSP,,2025-01-30T10:26:24
MSG-20251115-110F7ED5,ACSP,,2025-01-26T14:08:07
MSG-20251115-A3593BC4,ACSP,,2025-01-30T15:55:53
MSG-20251115-7F68B2BC,ACSP,,2025-01-30T10:38:07
MSG-20251115-BB5043A1,RJCT,AC01,2025-01-28T13:20:44
MSG-20251115-8661821D,ACSP,,2025-01-16T15:35:02
MSG-20251115-8D4EEB0F,ACSP,,2025-01-20T09:16:27
MSG-20251115-027DED41,ACSP,,2025-01-20T09:44:58
MSG-20251115-9C66E454,ACSP,,2025-01-21T16:08:22
MSG-20251115-4221CCFB,ACSP,,2025-01-03T11:15:08
MSG-20251115-C762404B,RJCT,AM04,2025-01-13T09:28:01
MSG-20251115-B3F5BEE0,ACSP,,2025-01-06T15:44:56
MSG-20251115-98B70482,ACSP,,2025-01-10T14:49:17
MSG-20251115-5C62E990,ACSP,,2025-01-14T14:41:22
MSG-20251115-9788B2A5,ACSP,,2025-01-01T11:07:26
MSG-20251115-7AF80BE9,ACSP,,2025-01-12T11:53:16
MSG-20251115-D1555657,ACSP,,2025-01-15T16:26:45
MSG-20251115-EB35CDDC,ACSP,,2025-01-01T11:26:13
MSG-20251115-939B0AA1,ACSP,,2025-01-28T13:19:01
MSG-20251115-8453A6BC,ACSP,,2025-01-28T16:17:51
MSG-20251115-E592A248,ACSP,,2025-01-01T13:55:39
MSG-20251115-E9EB359C,ACSP,,2025-01-16T16:36:56
MSG-20251115-AB47C382,ACSP,,2025-01-04T11:59:28
MSG-20251115-59CB1318,ACSP,,2025-01-06T10:10:46
MSG-20251115-30F33250,ACSP,,2025-01-17T16:24:30
MSG-20251115-71BE9733,ACSP,,2025-01-24T15:38:08
MSG-20251115-C3AD58E5,ACSP,,2025-01-29T15:07:08
MSG-20251115-45A18B33,ACSP,,2025-01-07T11:53:21
MSG-20251115-358F1AA7,ACSP,,2025-01-26T14:19:51
MSG-20251115-10DFD123,ACSP,,2025-01-01T16:36:54
MSG-20251115-C3070739,ACSP,,2025-01-30T15:48:44
MSG-20251115-8F59133F,ACSP,,2025-01-26T15:34:59
MSG-20251115-65B54DC4,ACSP,,2025-01-10T13:43:06
MSG-20251115-330C33CB,ACSP,,2025-01-13T16:51:47
MSG-20251115-D041D147,ACSP,,2025-01-18T10:52:54
MSG-20251115-2F66DE8E,ACSP,,2025-01-30T16:56:14
MSG-20251115-A6C0B844,ACSP,,2025-01-18T11:23:35
MSG-20251115-8E4BC241,ACSP,,2025-01-06T10:50:23
MSG-20251115-8EE8C9C1,ACSP,,2025-01-12T16:35:45
MSG-20251115-84DA2937,ACSP,,2025-01-13T11:28:55
MSG-20251115-98ED253A,ACSP,,2025-01-15T09:05:53
MSG-20251115-C576AFAB,ACSP,,2025-01-14T13:38:15
MSG-20251115-92D6FB00,ACSP,,2025-01-12T16:43:29
MSG-20251115-24805DBF,ACSP,,2025-01-21T10:57:58
MSG-20251115-E771905E,ACSP,,2025-01-11T15:59:58
MSG-20251115-0FB9279A,ACSP,,2025-01-29T11:12:04
MSG-20251115-9DBF8060,RJCT,MD07,2025-01-03T14:48:42
MSG-20251115-03F32310,ACSP,,2025-01-28T14:41:16
MSG-20251115-5C1DBE62,RJCT,MD07,2025-01-28T10:02:07
MSG-20251115-59644F41,ACSP,,2025-01-09T16:25:29
MSG-20251115-3151393B,ACSP,,2025-01-22T16:42:34
MSG-20251115-D58F37AA,ACSP,,2025-01-21T10:55:31
MSG-20251115-B0FE7EF1,ACSP,,2025-01-30T15:09:38
MSG-20251115-25DC15E9,RJCT,AM04,2025-01-06T09:33:23
MSG-20251115-DF1622E7,ACSP,,2025-01-10T09:27:54
MSG-20251115-49E3A5DC,ACSP,,2025-01-22T16:40:30
MSG-20251115-5B3AEE63,ACSP,,2025-01-13T16:08:51
MSG-20251115-50A9E66C,RJCT,AC01,2025-01-17T09:20:50
MSG-20251115-747B3B64,ACSP,,2025-01-04T13:40:08
MSG-20251115-142D4396,ACSP,,2025-01-12T10:15:29
MSG-20251115-8B4D5E96,ACSP,,2025-01-21T09:12:39
MSG-20251115-135CE884,ACSP,,2025-01-27T11:25:45
MSG-20251115-EA7B2DE6,ACSP,,2025-01-12T10:21:21
MSG-20251115-B8EACB4B,RJCT,AM04,2025-01-01T11:54:12
MSG-20251115-616DAE47,ACSP,,2025-01-21T13:32:04
MSG-20251115-BDD6E1A6,ACSP,,2025-01-10T14:50:21
MSG-20251115-EF86B709,ACSP,,2025-01-25T11:13:29
MSG-20251115-277BC086,ACSP,,2025-01-14T13:29:17
MSG-20251115-25A41385,ACSP,,2025-01-03T16:01:58
MSG-20251115-79434201,ACSP,,2025-01-18T09:28:01
MSG-20251115-CC39E9EE,ACSP,,2025-01-08T09:46:16
MSG-20251115-0EFB9A20,ACSP,,2025-01-13T13:56:40
MSG-20251115-FC91B2D4,ACSP,,2025-01-07T13:33:25
MSG-20251115-9F5AF565,ACSP,,2025-01-13T15:43:40
MSG-20251115-0C3323BF,ACSP,,2025-01-30T14:05:58
MSG-20251115-1647550D,ACSP,,2025-01-02T09:51:16
MSG-20251115-96BF0BB1,ACSP,,2025-01-28T16:48:00
MSG-20251115-03BA630D,ACSP,,2025-01-20T13:42:56
MSG-20251115-73F4FE06,ACSP,,2025-01-25T10:48:48
MSG-20251115-13A477FE,ACSP,,2025-01-14T11:39:14
MSG-20251115-2C049A2B,ACSP,,2025-01-04T15:18:48
MSG-20251115-B9445DCB,ACSP,,2025-01-13T11:12:38
MSG-20251115-9E9EA15A,ACSP,,2025-01-03T15:09:59
MSG-20251115-6EF0312C,ACSP,,2025-01-26T16:33:42
MSG-20251115-B4656ADA,ACSP,,2025-01-14T11:36:17
MSG-20251115-F27264C8,ACSP,,2025-01-09T15:54:57
MSG-20251115-444EAF9C,ACSP,,2025-01-14T13:09:41
MSG-20251115-9A9FAC06,ACSP,,2025-01-13T10:23:00
MSG-20251115-1F5EFCDF,ACSP,,2025-01-25T16:51:24
MSG-20251115-0B21D6C0,ACSP,,2025-01-24T11:48:02
MSG-20251115-04839873,ACSP,,2025-01-28T16:05:11
MSG-20251115-8A1B5DB2,ACSP,,2025-01-06T16:53:51
MSG-20251115-1B068AE6,ACSP,,2025-01-10T11:33:56
MSG-20251115-CF63F8B5,ACSP,,2025-01-28T10:20:00
MSG-20251115-760C3127,ACSP,,2025-01-03T11:31:08
MSG-20251115-D0DC249C,ACSP,,2025-01-23T09:38:53
MSG-20251115-E622E69A,ACSP,,2025-01-13T15:49:54
MSG-20251115-D47E596B,ACSP,,2025-01-28T15:53:43
MSG-20251115-1DFA721B,ACSP,,2025-01-29T15:56:38
MSG-20251115-10056921,ACSP,,2025-01-17T11:08:41
MSG-20251115-81952979,RJCT,BE04,2025-01-14T15:31:01
MSG-20251115-AE3CF955,ACSP,,2025-01-16T13:50:50
MSG-20251115-2510115E,ACSP,,2025-01-21T13:17:24
MSG-20251115-5E65BD33,ACSP,,2025-01-30T14:19:15
MSG-20251115-FC1369B0,ACSP,,2025-01-20T11:52:09
MSG-20251115-CE3CC916,ACSP,,2025-01-04T11:20:12
MSG-20251115-59E06629,ACSP,,2025-01-07T10:50:10
MSG-20251115-112437A6,ACSP,,2025-01-10T09:18:36
MSG-20251115-54AE359B,ACSP,,2025-01-22T16:57:13
MSG-20251115-777093ED,RJCT,BE04,2025-01-17T13:15:02
MSG-20251115-52FA8D55,ACSP,,2025-01-02T10:43:54
MSG-20251115-F9EE6169,ACSP,,2025-01-15T09:33:30
MSG-20251115-392A3C4F,ACSP,,2025-01-29T14:54:01
MSG-20251115-D31F9169,ACSP,,2025-01-23T09:29:53
MSG-20251115-F7CF547D,ACSP,,2025-01-04T09:38:56
MSG-20251115-8331C2D3,ACSP,,2025-01-19T13:48:51
MSG-20251115-60CC6B35,ACSP,,2025-01-16T15:03:01
MSG-20251115-0A10AD48,ACSP,,2025-01-12T16:17:40
MSG-20251115-3A7DCAD5,ACSP,,2025-01-15T13:10:25
MSG-20251115-626F11B8,ACSP,,2025-01-10T16:26:47
MSG-20251115-69D050F1,ACSP,,2025-01-18T09:04:42
MSG-20251115-361E5A8B,ACSP,,2025-01-18T14:41:24
MSG-20251115-E1DACD5F,ACSP,,2025-01-26T10:23:34
MSG-20251115-4882CBC8,ACSP,,2025-01-25T14:29:41
MSG-20251115-6CA0116B,ACSP,,2025-01-03T13:25:20
MSG-20251115-2E51E478,ACSP,,2025-01-14T09:16:35
MSG-20251115-80F1184F,ACSP,,2025-01-05T13:57:47
MSG-20251115-F4F70196,ACSP,,2025-01-16T15:32:27
MSG-20251115-412DDC6B,ACSP,,2025-01-05T11:08:48
MSG-20251115-613B9567,ACSP,,2025-01-25T10:04:12
MSG-20251115-62DC7156,ACSP,,2025-01-27T16:49:04
MSG-20251115-CDB11EC6,ACSP,,2025-01-07T13:03:38
MSG-20251115-F0257E85,ACSP,,2025-01-25T10:57:03
MSG-20251115-D519386D,ACSP,,2025-01-12T13:41:39
MSG-20251115-EF3F9465,ACSP,,2025-01-14T11:03:00
MSG-20251115-0BCE7B20,ACSP,,2025-01-25T11:01:22
MSG-20251115-2EA05948,ACSP,,2025-01-22T14:46:52
MSG-20251115-6C1D4D06,ACSP,,2025-01-05T15:06:11
MSG-20251115-8920E420,ACSP,,2025-01-15T09:24:51
MSG-20251115-B5C342AD,ACSP,,2025-01-25T09:23:06
MSG-20251115-5BA29194,ACSP,,2025-01-02T09:27:09
MSG-20251115-BEE2840B,ACSP,,2025-01-13T11:38:21
MSG-20251115-D7DBC85C,ACSP,,2025-01-20T14:59:12
MSG-20251115-9C73814F,ACSP,,2025-01-16T09:41:12
MSG-20251115-316AD73B,ACSP,,2025-01-27T11:26:32
MSG-20251115-83A989D1,ACSP,,2025-01-26T16:01:41
MSG-20251115-8F21F81D,ACSP,,2025-01-14T11:10:02
MSG-20251115-F56DF37D,ACSP,,2025-01-28T10:11:24
MSG-20251115-F214159D,RJCT,AM04,2025-01-26T09:47:19
MSG-20251115-F16AD0C5,ACSP,,2025-01-10T13:51:13
MSG-20251115-B2012487,RJCT,FF01,2025-01-09T16:56:22
MSG-20251115-182A9716,ACSP,,2025-01-24T09:44:17
MSG-20251115-1CF47026,ACSP,,2025-01-13T10:48:55
MSG-20251115-924F6D3E,ACSP,,2025-01-19T09:36:08
MSG-20251115-F13D1607,ACSP,,2025-01-26T11:58:25
MSG-20251115-D0C26489,ACSP,,2025-01-23T11:04:42
MSG-20251115-D4A170C6,ACSP,,2025-01-20T13:15:44
MSG-20251115-3D07F32E,ACSP,,2025-01-03T16:52:52
MSG-20251115-322CD929,ACSP,,2025-01-05T16:46:18
MSG-20251115-4D4339F4,ACSP,,2025-01-29T13:17:36
MSG-20251115-FA8F7688,ACSP,,2025-01-02T11:46:36
MSG-20251115-5DB0E90E,ACSP,,2025-01-28T10:29:38
MSG-20251115-AF065033,ACSP,,2025-01-04T10:40:06
MSG-20251115-AE2FDF62,ACSP,,2025-01-14T13:59:11
MSG-20251115-EF546AC7,ACSP,,2025-01-14T14:47:07
MSG-20251115-0CA304F2,ACSP,,2025-01-14T16:29:36
MSG-20251115-713D2046,ACSP,,2025-01-24T13:27:08
MSG-20251115-CBD815BF,ACSP,,2025-01-06T14:29:46
MSG-20251115-5989B716,ACSP,,2025-01-15T13:27:21
MSG-20251115-F004B4C1,ACSP,,2025-01-18T13:41:07
MSG-20251115-22D26E60,ACSP,,2025-01-19T10:16:38
MSG-20251115-73F91148,ACSP,,2025-01-16T14:10:39
MSG-20251115-982572A6,ACSP,,2025-01-01T10:57:31
MSG-20251115-3BA47614,ACSP,,2025-01-01T09:48:33
MSG-20251115-E309F7F6,ACSP,,2025-01-11T14:37:56
MSG-20251115-3EA29B78,RJCT,AC01,2025-01-28T14:24:03
MSG-20251115-00C534ED,ACSP,,2025-01-17T14:02:50
MSG-20251115-6256F6AF,ACSP,,2025-01-09T11:40:46
MSG-20251115-731E7CF2,ACSP,,2025-01-21T14:03:38
MSG-20251115-7D7D8FE1,ACSP,,2025-01-01T09:07:09
MSG-20251115-56BC7895,ACSP,,2025-01-27T13:02:46
MSG-20251115-B36DBB43,ACSP,,2025-01-22T13:41:19
MSG-20251115-79845E4C,ACSP,,2025-01-14T10:14:27
MSG-20251115-DEE70CAE,ACSP,,2025-01-26T14:43:38
MSG-20251115-58C3FD02,ACSP,,2025-01-21T13:28:57
MSG-20251115-9156931A,ACSP,,2025-01-16T15:50:15
MSG-20251115-7FFE2F62,ACSP,,2025-01-26T13:52:06
MSG-20251115-59CA779E,ACSP,,2025-01-22T15:33:57
MSG-20251115-2FD08BC2,ACSP,,2025-01-12T13:21:02
MSG-20251115-61C12CC0,ACSP,,2025-01-13T13:29:20
MSG-20251115-A6D3899B,ACSP,,2025-01-22T13:59:49
MSG-20251115-782E5244,RJCT,FF01,2025-01-21T10:29:23
MSG-20251115-879566DB,ACSP,,2025-01-13T15:20:45
MSG-20251115-80E01DAB,ACSP,,2025-01-12T10:32:12
MSG-20251115-60A92BEA,RJCT,MD07,2025-01-25T13:28:03
MSG-20251115-66237046,ACSP,,2025-01-08T15:49:54
MSG-20251115-B1D0136D,ACSP,,2025-01-25T13:54:10
MSG-20251115-1D1B2BEC,ACSP,,2025-01-20T16:36:27
MSG-20251115-DED7BADC,ACSP,,2025-01-15T16:19:10
MSG-20251115-459E9357,ACSP,,2025-01-08T13:33:43
MSG-20251115-0BEF9262,ACSP,,2025-01-08T10:02:13
MSG-20251115-643252D7,ACSP,,2025-01-12T09:46:21
MSG-20251115-588FCFD3,ACSP,,2025-01-18T09:21:35
MSG-20251115-4E73020A,ACSP,,2025-01-20T11:52:42
MSG-20251115-57060ACA,ACSP,,2025-01-07T09:54:33
MSG-20251115-80073EBC,ACSP,,2025-01-09T15:11:35
MSG-20251115-858A49BF,ACSP,,2025-01-18T14:57:29
MSG-20251115-62FAFFC8,ACSP,,2025-01-17T11:33:55
MSG-20251115-E15ADD1B,ACSP,,2025-01-10T11:05:34
MSG-20251115-5561C4DD,ACSP,,2025-01-04T09:32:43
MSG-20251115-36E02DCF,ACSP,,2025-01-23T14:47:43
MSG-20251115-87CD01FF,ACSP,,2025-01-15T16:17:12
MSG-20251115-939D4668,ACSP,,2025-01-22T11:56:45
MSG-20251115-31D68FD9,ACSP,,2025-01-29T09:11:53
MSG-20251115-02CDEBD5,ACSP,,2025-01-13T16:01:09
MSG-20251115-B7244478,ACSP,,2025-01-08T09:54:07
MSG-20251115-708F3519,ACSP,,2025-01-10T11:02:21
MSG-20251115-3896FCDD,ACSP,,2025-01-30T13:48:04
MSG-20251115-0E056943,ACSP,,2025-01-25T16:19:23
MSG-20251115-E327BA64,ACSP,,2025-01-28T09:45:12
MSG-20251115-46EF0BDC,ACSP,,2025-01-10T11:03:14
MSG-20251115-25CD8845,ACSP,,2025-01-08T11:09:03
MSG-20251115-E974620B,ACSP,,2025-01-06T10:41:40
MSG-20251115-F51DB464,ACSP,,2025-01-24T11:43:02
MSG-20251115-BC945591,ACSP,,2025-01-08T14:42:13
MSG-20251115-9E72FFCB,ACSP,,2025-01-22T10:33:09
MSG-20251115-1DF099F4,ACSP,,2025-01-14T16:46:40
MSG-20251115-2DC21792,ACSP,,2025-01-29T15:23:24
MSG-20251115-F66D8552,ACSP,,2025-01-05T13:42:13
MSG-20251115-AFB6128C,ACSP,,2025-01-06T09:40:43
MSG-20251115-102865F0,ACSP,,2025-01-07T13:31:33
MSG-20251115-24DB7AD6,ACSP,,2025-01-19T10:46:39
MSG-20251115-106D0914,RJCT,AC01,2025-01-28T10:50:50
MSG-20251115-32501191,ACSP,,2025-01-09T11:03:47
MSG-20251115-C5715F4F,ACSP,,2025-01-18T14:38:06
MSG-20251115-A4103B9E,ACSP,,2025-01-29T09:11:49
MSG-20251115-92D4209D,ACSP,,2025-01-08T13:53:13
MSG-20251115-4106052D,ACSP,,2025-01-14T13:47:15
MSG-20251115-52C99E80,ACSP,,2025-01-26T14:37:06
MSG-20251115-51B6DBDF,ACSP,,2025-01-06T09:03:27
MSG-20251115-625276A2,ACSP,,2025-01-04T10:21:12
MSG-20251115-B04626EA,ACSP,,2025-01-26T16:11:52
MSG-20251115-F3FC9D3C,ACSP,,2025-01-17T09:49:33
MSG-20251115-5B23D3A8,ACSP,,2025-01-18T10:46:23
MSG-20251115-35A4AC80,ACSP,,2025-01-24T14:41:10
MSG-20251115-93E9425B,ACSP,,2025-01-14T14:12:44
MSG-20251115-F05B07FB,ACSP,,2025-01-23T13:06:58
MSG-20251115-91FAEF40,ACSP,,2025-01-08T11:38:18
MSG-20251115-46AD3644,ACSP,,2025-01-07T14:00:30
MSG-20251115-FDBC57FF,RJCT,AC01,2025-01-26T13:21:04
MSG-20251115-66F8E5BB,ACSP,,2025-01-20T14:23:30
MSG-20251115-794CCA3B,ACSP,,2025-01-16T09:16:19
MSG-20251115-7CC60FF1,ACSP,,2025-01-25T16:58:04
MSG-20251115-60D03426,RJCT,BE04,2025-01-24T14:52:33
MSG-20251115-107DC0DD,ACSP,,2025-01-16T16:31:39
MSG-20251115-2A918A03,ACSP,,2025-01-27T09:11:35
MSG-20251115-7B03627A,ACSP,,2025-01-03T11:20:19
MSG-20251115-9F457450,ACSP,,2025-01-01T11:46:36
MSG-20251115-A93406DB,ACSP,,2025-01-22T11:12:12
MSG-20251115-08101FA4,ACSP,,2025-01-20T14:36:31
MSG-20251115-EFEC9A95,ACSP,,2025-01-01T15:17:20
MSG-20251115-9D5B1BED,ACSP,,2025-01-30T09:14:58
MSG-20251115-4995538A,ACSP,,2025-01-09T10:15:09
MSG-20251115-B845E87A,ACSP,,2025-01-19T16:51:11
MSG-20251115-FF5C3157,ACSP,,2025-01-13T11:40:55
MSG-20251115-946358BA,ACSP,,2025-01-24T13:10:11
MSG-20251115-806D5FE4,ACSP,,2025-01-17T16:19:20
MSG-20251115-92F4A0F9,ACSP,,2025-01-15T13:40:09
MSG-20251115-C80B7893,ACSP,,2025-01-17T10:49:58
MSG-20251115-A8EB363C,ACSP,,2025-01-29T11:40:00
MSG-20251115-DD34B8E2,ACSP,,2025-01-30T15:09:28
MSG-20251115-36BDB02B,RJCT,MD07,2025-01-14T11:35:22
MSG-20251115-F1BA6387,ACSP,,2025-01-14T09:33:46
MSG-20251115-0BF7AF9E,ACSP,,2025-01-07T15:06:43
MSG-20251115-101716E1,ACSP,,2025-01-27T16:50:53
MSG-20251115-C19493C0,ACSP,,2025-01-16T10:34:45
MSG-20251115-86EEECD9,ACSP,,2025-01-17T16:47:48
MSG-20251115-A249D0B1,ACSP,,2025-01-14T14:24:01
MSG-20251115-C410EA72,ACSP,,2025-01-30T09:54:56
MSG-20251115-ACDC5B49,ACSP,,2025-01-19T09:51:39
MSG-20251115-F4211BAF,ACSP,,2025-01-16T13:11:25
MSG-20251115-87424B32,ACSP,,2025-01-17T16:23:38
MSG-20251115-585607D3,ACSP,,2025-01-16T15:19:10
MSG-20251115-FF904912,ACSP,,2025-01-25T11:07:16
MSG-20251115-BEA64EA1,ACSP,,2025-01-18T09:43:09
MSG-20251115-7C5A4AA1,RJCT,AG01,2025-01-27T13:12:38
MSG-20251115-C786BBE0,RJCT,FF01,2025-01-08T10:40:52
MSG-20251115-89A27CDF,ACSP,,2025-01-11T16:06:25
MSG-20251115-1F59A2FC,ACSP,,2025-01-29T15:54:59
MSG-20251115-6934D8A8,ACSP,,2025-01-21T10:29:31
MSG-20251115-3F9FFD66,ACSP,,2025-01-21T11:49:58
MSG-20251115-4F158D8F,ACSP,,2025-01-16T13:53:09
MSG-20251115-D2C219B7,ACSP,,2025-01-13T10:04:38
MSG-20251115-A44FB4F0,ACSP,,2025-01-30T14:31:13
MSG-20251115-0F72FAFB,ACSP,,2025-01-23T11:00:59
MSG-20251115-3BE7FAD5,ACSP,,2025-01-24T15:18:29
MSG-20251115-E17D4978,RJCT,AG01,2025-01-14T13:17:06
MSG-20251115-A28270A7,ACSP,,2025-01-29T10:06:55
MSG-20251115-F2B851AA,ACSP,,2025-01-05T13:45:38
MSG-20251115-52CB7F10,ACSP,,2025-01-01T13:41:05
MSG-20251115-8B547C4D,ACSP,,2025-01-22T13:35:22
MSG-20251115-30F2B3CE,RJCT,RC01,2025-01-20T15:39:34
MSG-20251115-D8A21893,RJCT,AM04,2025-01-29T16:32:08
MSG-20251115-F605B24F,ACSP,,2025-01-27T11:06:38
MSG-20251115-5714C3E6,RJCT,AC01,2025-01-28T09:45:47
MSG-20251115-7835C036,ACSP,,2025-01-20T11:12:28
MSG-20251115-CB2CAECD,ACSP,,2025-01-13T13:26:10
MSG-20251115-0A07E08D,ACSP,,2025-01-08T16:36:43
MSG-20251115-FA30D564,ACSP,,2025-01-20T13:01:09
MSG-20251115-0A0274C7,ACSP,,2025-01-21T13:58:43
MSG-20251115-77718193,RJCT,FF01,2025-01-09T14:13:21
MSG-20251115-11AE188C,ACSP,,2025-01-08T11:14:24
MSG-20251115-1EAB2B5F,ACSP,,2025-01-29T10:17:38
MSG-20251115-DD223547,ACSP,,2025-01-06T11:17:02
MSG-20251115-0C795234,ACSP,,2025-01-11T09:30:50
MSG-20251115-C7BC67E7,ACSP,,2025-01-06T15:58:27
MSG-20251115-203B94CC,ACSP,,2025-01-29T14:57:47
MSG-20251115-0E928307,ACSP,,2025-01-11T16:22:10
MSG-20251115-047DDF2D,ACSP,,2025-01-02T11:31:33
MSG-20251115-290928A1,ACSP,,2025-01-09T16:37:41
MSG-20251115-3AC8D852,ACSP,,2025-01-22T14:35:21
MSG-20251115-3B2D2056,ACSP,,2025-01-01T14:48:10
MSG-20251115-E83DF266,ACSP,,2025-01-19T09:06:08
MSG-20251115-6D18259A,RJCT,MD07,2025-01-26T10:17:51
MSG-20251115-461C1D8A,ACSP,,2025-01-14T14:49:59
MSG-20251115-2916CE89,ACSP,,2025-01-01T13:06:51
MSG-20251115-D85EFF87,ACSP,,2025-01-07T11:47:35
MSG-20251115-36B5A529,ACSP,,2025-01-01T11:22:11
MSG-20251115-BAAA511F,ACSP,,2025-01-16T11:21:15
MSG-20251115-0CC198BC,ACSP,,2025-01-03T14:56:58
MSG-20251115-EF9FCACF,ACSP,,2025-01-10T09:57:48
MSG-20251115-9014D1BC,ACSP,,2025-01-28T13:33:45
MSG-20251115-4D4DC04E,ACSP,,2025-01-21T14:52:10
MSG-20251115-21243460,ACSP,,2025-01-28T10:59:28
MSG-20251115-7BE9CD06,ACSP,,2025-01-01T13:57:31
MSG-20251115-869FED60,ACSP,,2025-01-20T11:06:02
MSG-20251115-05AAC1BC,ACSP,,2025-01-30T15:48:32
MSG-20251115-9AD980C6,ACSP,,2025-01-29T16:26:29
MSG-20251115-111BA79D,ACSP,,2025-01-09T11:46:35
MSG-20251115-6669AD54,ACSP,,2025-01-24T13:49:22
MSG-20251115-9D94593E,ACSP,,2025-01-08T11:30:06
MSG-20251115-65A60257,ACSP,,2025-01-29T16:57:14
MSG-20251115-06FCCE12,ACSP,,2025-01-15T14:12:07
MSG-20251115-2BCEDD86,ACSP,,2025-01-15T10:21:39
MSG-20251115-C706B1E0,ACSP,,2025-01-09T15:33:51
MSG-20251115-D648DEC9,ACSP,,2025-01-27T10:48:51
MSG-20251115-467AAEE0,ACSP,,2025-01-24T14:53:48
MSG-20251115-A436B6BA,ACSP,,2025-01-15T14:38:20
MSG-20251115-F6B85BE1,ACSP,,2025-01-28T14:28:50
MSG-20251115-9401A2C1,ACSP,,2025-01-07T11:06:12
MSG-20251115-606865FD,ACSP,,2025-01-02T10:40:17
MSG-20251115-51DFBB44,ACSP,,2025-01-24T09:54:39
MSG-20251115-D27999E4,ACSP,,2025-01-24T11:49:29
MSG-20251115-EF2C77BA,ACSP,,2025-01-12T16:23:24
MSG-20251115-A160F1C6,ACSP,,2025-01-02T13:46:43
MSG-20251115-3F604947,ACSP,,2025-01-01T15:39:16
MSG-20251115-E62B974F,RJCT,AM04,2025-01-19T15:45:43
MSG-20251115-7E764685,ACSP,,2025-01-03T09:37:40
MSG-20251115-760F2B10,ACSP,,2025-01-13T14:05:33
MSG-20251115-992D300C,ACSP,,2025-01-17T14:45:41
MSG-20251115-E3813A8E,ACSP,,2025-01-18T16:48:31
MSG-20251115-D0E2BC4A,ACSP,,2025-01-11T10:40:14
MSG-20251115-E43BB414,ACSP,,2025-01-23T16:47:53
MSG-20251115-B261E7B6,ACSP,,2025-01-14T11:58:41
MSG-20251115-BAEDB129,ACSP,,2025-01-06T16:04:36
MSG-20251115-C7551BC6,ACSP,,2025-01-13T09:21:19
MSG-20251115-E7388C34,ACSP,,2025-01-09T14:50:07
MSG-20251115-F8C2218E,ACSP,,2025-01-28T11:56:45
MSG-20251115-8674B8E3,ACSP,,2025-01-04T09:51:09
MSG-20251115-749F5775,ACSP,,2025-01-27T11:05:39
MSG-20251115-647AFC26,ACSP,,2025-01-10T09:13:58
MSG-20251115-0A5159B7,RJCT,AG01,2025-01-05T11:35:16
MSG-20251115-3F42D711,ACSP,,2025-01-12T16:42:31
MSG-20251115-96F6E248,ACSP,,2025-01-18T10:22:24
MSG-20251115-18FA7069,ACSP,,2025-01-30T16:38:05
MSG-20251115-36C3B996,ACSP,,2025-01-15T11:51:54
MSG-20251115-0FE55C5D,RJCT,AM04,2025-01-10T10:52:10
MSG-20251115-61EC5BE7,ACSP,,2025-01-07T10:04:30
MSG-20251115-BD54D6EC,ACSP,,2025-01-30T16:07:09
MSG-20251115-300036EC,ACSP,,2025-01-27T10:50:26
MSG-20251115-F624BD69,ACSP,,2025-01-29T16:20:27
MSG-20251115-2DE3E9C2,ACSP,,2025-01-08T09:22:49
MSG-20251115-90A2C309,ACSP,,2025-01-11T16:02:50
MSG-20251115-931A6794,ACSP,,2025-01-15T10:06:12
MSG-20251115-419CD84E,ACSP,,2025-01-22T15:21:35
MSG-20251115-4910865D,ACSP,,2025-01-24T15:21:11
MSG-20251115-FA8C6612,ACSP,,2025-01-05T14:42:14
MSG-20251115-8C94C52C,ACSP,,2025-01-22T09:42:24
MSG-20251115-E1748DAF,ACSP,,2025-01-23T10:06:36
MSG-20251115-72A8DBB6,ACSP,,2025-01-05T15:50:47
MSG-20251115-24D8C86B,ACSP,,2025-01-22T09:43:21
MSG-20251115-ADBF3B68,ACSP,,2025-01-27T10:39:04
MSG-20251115-C932B3FC,ACSP,,2025-01-19T15:48:28
MSG-20251115-D4165442,ACSP,,2025-01-22T15:43:37
MSG-20251115-01EEE943,ACSP,,2025-01-02T13:13:46
MSG-20251115-5B999997,ACSP,,2025-01-18T11:42:14
MSG-20251115-5AB5B064,ACSP,,2025-01-05T10:23:56
MSG-20251115-5C42DF72,ACSP,,2025-01-22T10:54:57
MSG-20251115-54BB8DC8,ACSP,,2025-01-01T15:26:04
MSG-20251115-BFBA8011,ACSP,,2025-01-01T14:53:28
MSG-20251115-C0E45C3C,ACSP,,2025-01-23T10:23:30
MSG-20251115-7A44ED4F,ACSP,,2025-01-13T13:17:51
MSG-20251115-233ACCC8,ACSP,,2025-01-14T15:09:30
MSG-20251115-6A9D7294,ACSP,,2025-01-12T14:47:50
MSG-20251115-AC0C95BB,ACSP,,2025-01-21T16:09:43
MSG-20251115-8873875C,RJCT,AM04,2025-01-18T14:00:51
MSG-20251115-E40A7CAD,ACSP,,2025-01-29T09:51:30
MSG-20251115-FC671B79,ACSP,,2025-01-04T15:49:29
MSG-20251115-DFA17715,ACSP,,2025-01-18T16:49:07
MSG-20251115-95C2EA55,ACSP,,2025-01-15T15:38:33
MSG-20251115-6409F90B,ACSP,,2025-01-05T10:16:34
MSG-20251115-810D03CB,ACSP,,2025-01-21T09:56:14
MSG-20251115-81628597,ACSP,,2025-01-16T09:55:15
MSG-20251115-9D061B8F,RJCT,AC01,2025-01-27T15:22:56
MSG-20251115-1B8305AE,ACSP,,2025-01-28T16:35:55
MSG-20251115-50B06194,ACSP,,2025-01-08T11:14:27
MSG-20251115-2C585242,ACSP,,2025-01-22T15:28:53
MSG-20251115-18A843E1,ACSP,,2025-01-09T11:54:59
MSG-20251115-0B8637C8,ACSP,,2025-01-27T10:32:39
MSG-20251115-00F2AC7F,ACSP,,2025-01-16T11:23:36
MSG-20251115-EFE7108F,ACSP,,2025-01-18T13:31:16
MSG-20251115-D61963C7,ACSP,,2025-01-22T16:29:25
MSG-20251115-8BB5CF5D,RJCT,AC01,2025-01-14T11:22:56
MSG-20251115-E91931F6,ACSP,,2025-01-25T11:53:24
MSG-20251115-996316AB,ACSP,,2025-01-17T10:29:16
MSG-20251115-AFE23F96,ACSP,,2025-01-24T10:56:01
MSG-20251115-023F9FCA,ACSP,,2025-01-27T09:06:02
MSG-20251115-8BC0EF26,ACSP,,2025-01-30T11:10:06
MSG-20251115-8C317306,ACSP,,2025-01-25T13:41:13
MSG-20251115-72FC1FCB,ACSP,,2025-01-14T13:47:30
MSG-20251115-90E89DE0,ACSP,,2025-01-26T16:13:29
MSG-20251115-8DAA55F2,ACSP,,2025-01-15T13:16:48
MSG-20251115-A0947665,ACSP,,2025-01-30T11:22:35
MSG-20251115-0DE22444,ACSP,,2025-01-19T16:27:02
MSG-20251115-7E684345,RJCT,MD07,2025-01-16T16:03:17
MSG-20251115-27993EEE,ACSP,,2025-01-20T10:04:34
MSG-20251115-CAD22F13,ACSP,,2025-01-24T13:46:45
MSG-20251115-44901E45,RJCT,AM04,2025-01-29T11:22:01
MSG-20251115-D8091FD7,ACSP,,2025-01-15T11:59:54
MSG-20251115-8617B556,ACSP,,2025-01-14T11:14:55
MSG-20251115-70536048,RJCT,AG01,2025-01-24T14:00:24
MSG-20251115-AD4C57D2,ACSP,,2025-01-27T11:05:38
MSG-20251115-0DAFB166,ACSP,,2025-01-12T11:04:49
MSG-20251115-61FA6DFC,ACSP,,2025-01-11T16:46:10
MSG-20251115-E42FF38B,ACSP,,2025-01-22T10:32:31
MSG-20251115-1612037A,ACSP,,2025-01-19T09:32:56
MSG-20251115-B3F1E4F6,ACSP,,2025-01-21T15:21:06
MSG-20251115-DBF7EBD6,ACSP,,2025-01-11T15:28:07
MSG-20251115-91DD6EE8,ACSP,,2025-01-16T14:47:28
MSG-20251115-E30BA2CF,ACSP,,2025-01-19T14:32:06
MSG-20251115-C75C7A90,RJCT,AM05,2025-01-21T11:31:46
MSG-20251115-93ECA12F,ACSP,,2025-01-27T13:18:12
MSG-20251115-B1C28286,ACSP,,2025-01-15T10:23:13
MSG-20251115-EFC5F21C,ACSP,,2025-01-10T09:26:54
MSG-20251115-89F9A7F8,ACSP,,2025-01-20T13:21:33
MSG-20251115-7D4CC416,ACSP,,2025-01-18T09:57:13
MSG-20251115-CFC8D304,ACSP,,2025-01-12T10:06:55
MSG-20251115-AF23E49B,ACSP,,2025-01-25T16:28:06
MSG-20251115-B0CBBB71,ACSP,,2025-01-01T11:01:21
MSG-20251115-F0B7EF79,ACSP,,2025-01-09T13:33:39
MSG-20251115-A594C53F,ACSP,,2025-01-18T11:48:44
MSG-20251115-5FA5E261,ACSP,,2025-01-12T13:52:20
MSG-20251115-5839F460,ACSP,,2025-01-04T09:05:35
MSG-20251115-E0FC546E,ACSP,,2025-01-15T13:02:32
MSG-20251115-F9166E98,ACSP,,2025-01-16T10:29:35
MSG-20251115-C2CE9178,ACSP,,2025-01-13T13:10:52
MSG-20251115-F257FC6C,ACSP,,2025-01-15T14:46:26
MSG-20251115-2EE704A2,ACSP,,2025-01-12T13:54:24
MSG-20251115-001B392A,ACSP,,2025-01-15T16:09:11
MSG-20251115-AF953DFC,ACSP,,2025-01-08T15:23:48
MSG-20251115-A1926095,ACSP,,2025-01-02T10:32:01
MSG-20251115-11445EF4,ACSP,,2025-01-13T15:46:02
MSG-20251115-F65AFD23,ACSP,,2025-01-25T15:04:32
MSG-20251115-92EA80D6,ACSP,,2025-01-22T09:31:14
MSG-20251115-974A77CA,ACSP,,2025-01-18T15:10:46
MSG-20251115-09B256DE,ACSP,,2025-01-22T14:16:14
MSG-20251115-48EAAD25,ACSP,,2025-01-05T10:59:05
MSG-20251115-5BD7CF88,ACSP,,2025-01-26T16:45:59
MSG-20251115-37887344,ACSP,,2025-01-21T13:11:38
MSG-20251115-C1239BE5,ACSP,,2025-01-26T13:37:20
MSG-20251115-6ED6DFD8,ACSP,,2025-01-15T11:43:00
MSG-20251115-B60B3B28,ACSP,,2025-01-12T13:56:10
MSG-20251115-114237A7,ACSP,,2025-01-26T15:46:58
MSG-20251115-FBD1D9C8,ACSP,,2025-01-17T09:47:02
MSG-20251115-5BB41363,ACSP,,2025-01-15T15:49:21
MSG-20251115-77BA5E9B,ACSP,,2025-01-03T11:26:20
MSG-20251115-B6BDDDFD,ACSP,,2025-01-07T16:22:20
MSG-20251115-9C75849E,ACSP,,2025-01-06T10:14:13
MSG-20251115-C1A9E5EE,ACSP,,2025-01-30T11:32:09
MSG-20251115-457ED409,ACSP,,2025-01-14T09:37:07
MSG-20251115-8C2682A2,ACSP,,2025-01-16T14:44:53
MSG-20251115-79A24E06,ACSP,,2025-01-05T09:19:23
MSG-20251115-A7C00DF5,RJCT,BE04,2025-01-22T11:07:04
MSG-20251115-A539E2BD,ACSP,,2025-01-29T15:45:57
MSG-20251115-AE35DF73,ACSP,,2025-01-09T10:29:32
MSG-20251115-C7BA7310,ACSP,,2025-01-02T11:49:03
MSG-20251115-CAC57AA9,ACSP,,2025-01-26T15:39:08
MSG-20251115-098874BE,ACSP,,2025-01-11T15:45:26
MSG-20251115-EAC94F54,ACSP,,2025-01-24T15:25:38
MSG-20251115-38BD9E57,ACSP,,2025-01-15T09:31:51
MSG-20251115-73F174D1,ACSP,,2025-01-20T16:43:50
MSG-20251115-56A8BE94,ACSP,,2025-01-26T09:09:37
MSG-20251115-ACD45D1A,ACSP,,2025-01-12T15:18:56
MSG-20251115-EA36842C,ACSP,,2025-01-25T11:37:19
MSG-20251115-F8751663,ACSP,,2025-01-01T14:25:00
MSG-20251115-CBFB26A4,ACSP,,2025-01-16T11:23:18
MSG-20251115-1AD13B7D,ACSP,,2025-01-01T16:50:16
MSG-20251115-05E603AD,ACSP,,2025-01-30T10:16:49
MSG-20251115-194A48E3,ACSP,,2025-01-30T16:23:22
MSG-20251115-158F5DFE,ACSP,,2025-01-23T09:13:12
MSG-20251115-16E96011,RJCT,AC01,2025-01-03T16:17:24
MSG-20251115-2CC448DE,ACSP,,2025-01-18T15:15:59
MSG-20251115-6DC0D952,ACSP,,2025-01-13T10:17:54
MSG-20251115-559DB0D7,ACSP,,2025-01-15T15:45:35
MSG-20251115-BED5BA07,ACSP,,2025-01-11T13:57:38
MSG-20251115-07ED70D7,ACSP,,2025-01-27T09:43:39
MSG-20251115-B9C55A53,ACSP,,2025-01-19T15:28:54
MSG-20251115-DE6FFB66,RJCT,FF01,2025-01-28T11:07:57
MSG-20251115-F22C60EA,ACSP,,2025-01-23T15:30:10
MSG-20251115-542C1A99,ACSP,,2025-01-01T15:23:19
MSG-20251115-0AC6B513,ACSP,,2025-01-26T14:28:16
MSG-20251115-1FD01CC5,ACSP,,2025-01-10T14:25:00
MSG-20251115-F8121531,ACSP,,2025-01-05T16:26:27
MSG-20251115-07618A47,ACSP,,2025-01-25T16:39:50
MSG-20251115-B7EB1A24,RJCT,FF01,2025-01-24T14:00:52
MSG-20251115-4FBA863D,ACSP,,2025-01-03T16:35:41
MSG-20251115-54E5A3C1,ACSP,,2025-01-29T14:31:26
MSG-20251115-14ADFA22,ACSP,,2025-01-05T14:15:29
MSG-20251115-09A57AAD,ACSP,,2025-01-22T15:05:55
MSG-20251115-263C9B8E,ACSP,,2025-01-18T10:28:53
MSG-20251115-0B12C10D,ACSP,,2025-01-10T16:11:29
MSG-20251115-4E07DD60,ACSP,,2025-01-26T16:14:46
MSG-20251115-6449FC0C,ACSP,,2025-01-27T13:02:00
MSG-20251115-540A6DF0,ACSP,,2025-01-21T16:13:06
MSG-20251115-06FBBA90,ACSP,,2025-01-20T11:06:25
MSG-20251115-E7FC88C1,ACSP,,2025-01-26T14:58:49
MSG-20251115-E4573FFF,ACSP,,2025-01-18T14:53:21
MSG-20251115-0A60B87B,ACSP,,2025-01-06T11:24:04
MSG-20251115-196695E0,ACSP,,2025-01-15T14:52:01
MSG-20251115-ABEDAE48,ACSP,,2025-01-18T15:29:16
MSG-20251115-A209BBC1,ACSP,,2025-01-01T13:12:21
MSG-20251115-2D2B8245,ACSP,,2025-01-08T09:33:04
MSG-20251115-4F6F2EC6,ACSP,,2025-01-14T16:40:38
MSG-20251115-0BA9B3E6,ACSP,,2025-01-30T10:34:04
MSG-20251115-5B0C6583,ACSP,,2025-01-26T14:12:05
MSG-20251115-19815E89,ACSP,,2025-01-10T09:29:17
MSG-20251115-003A4FC5,ACSP,,2025-01-01T09:22:23
MSG-20251115-9267C68E,ACSP,,2025-01-22T09:10:26
MSG-20251115-13BDF76A,ACSP,,2025-01-03T13:33:26
MSG-20251115-FD4B38CB,ACSP,,2025-01-09T10:34:17
MSG-20251115-700847CA,ACSP,,2025-01-28T11:27:50
MSG-20251115-70289F4F,ACSP,,2025-01-25T09:24:31
MSG-20251115-B4F95BBB,ACSP,,2025-01-09T16:56:36
MSG-20251115-335C4DF6,ACSP,,2025-01-18T15:23:31
MSG-20251115-DEF7BE40,ACSP,,2025-01-19T11:34:59
MSG-20251115-FEAB23F6,ACSP,,2025-01-14T09:54:29
MSG-20251115-BCA6131A,ACSP,,2025-01-05T14:33:22
MSG-20251115-3F0D758D,ACSP,,2025-01-20T13:31:42
MSG-20251115-A4709C6A,ACSP,,2025-01-16T10:57:56
MSG-20251115-325BCB38,ACSP,,2025-01-19T16:03:19
MSG-20251115-AA898155,ACSP,,2025-01-08T16:48:26
MSG-20251115-7E751D09,ACSP,,2025-01-25T14:40:05
MSG-20251115-3C5E8643,RJCT,AC01,2025-01-30T11:55:33
MSG-20251115-791D1097,ACSP,,2025-01-10T10:11:24
MSG-20251115-50D31F5D,ACSP,,2025-01-26T11:12:37
MSG-20251115-35A0BF6B,ACSP,,2025-01-06T14:09:06
MSG-20251115-6FCF87B7,ACSP,,2025-01-06T11:44:37
MSG-20251115-32E0D867,ACSP,,2025-01-23T15:31:44
MSG-20251115-8FB7F19C,ACSP,,2025-01-21T11:13:35
MSG-20251115-5B127306,ACSP,,2025-01-06T10:59:30
MSG-20251115-7F0344FF,ACSP,,2025-01-08T10:59:12
MSG-20251115-82E398A2,ACSP,,2025-01-09T10:44:15
MSG-20251115-BB384FCA,ACSP,,2025-01-21T09:49:21
MSG-20251115-63A8BED0,ACSP,,2025-01-16T16:32:51
MSG-20251115-167A9549,ACSP,,2025-01-23T15:47:28
MSG-20251115-D9EE124D,ACSP,,2025-01-08T14:53:23
MSG-20251115-71AC9A4B,ACSP,,2025-01-30T15:43:15
MSG-20251115-C8E9D6AD,ACSP,,2025-01-04T13:07:46
MSG-20251115-FC701C62,ACSP,,2025-01-09T14:59:24
MSG-20251115-914784A4,ACSP,,2025-01-21T09:35:42
MSG-20251115-FF2EFCC4,ACSP,,2025-01-20T10:50:36
MSG-20251115-0698F412,ACSP,,2025-01-27T15:52:16
MSG-20251115-BBE4FAD6,ACSP,,2025-01-26T14:54:36
MSG-20251115-4FA4802B,RJCT,AM04,2025-01-06T14:52:34
MSG-20251115-6857F11A,ACSP,,2025-01-11T09:02:58
MSG-20251115-179B792D,ACSP,,2025-01-23T13:04:06
MSG-20251115-39FB3B22,ACSP,,2025-01-10T16:30:50
MSG-20251115-5ACD30D4,ACSP,,2025-01-09T13:03:52
MSG-20251115-2351A3E6,ACSP,,2025-01-20T14:40:59
MSG-20251115-5E8CB173,ACSP,,2025-01-19T16:42:35
MSG-20251115-98721B1B,RJCT,BE04,2025-01-11T15:14:38
MSG-20251115-D8E81D26,ACSP,,2025-01-18T13:15:23
MSG-20251115-60C59438,ACSP,,2025-01-08T09:32:57
MSG-20251115-883C075E,ACSP,,2025-01-06T16:28:55
MSG-20251115-8DF11898,ACSP,,2025-01-30T11:01:41
MSG-20251115-EF483B35,ACSP,,2025-01-02T16:15:54
MSG-20251115-045B1775,ACSP,,2025-01-05T16:56:20
MSG-20251115-C762F525,ACSP,,2025-01-12T11:22:21
MSG-20251115-80A3EF71,ACSP,,2025-01-09T16:10:28
MSG-20251115-B7515DF7,ACSP,,2025-01-03T10:42:23
MSG-20251115-E019D69D,ACSP,,2025-01-08T10:54:56
MSG-20251115-E43195E2,ACSP,,2025-01-28T16:56:09
MSG-20251115-EAF10E65,RJCT,MD07,2025-01-20T11:52:14
MSG-20251115-615009C8,ACSP,,2025-01-12T14:08:27
MSG-20251115-DC4A4ACB,ACSP,,2025-01-09T14:17:04
MSG-20251115-7A6E8CE1,ACSP,,2025-01-22T13:59:44
MSG-20251115-69ADF735,ACSP,,2025-01-05T09:59:58
MSG-20251115-F7F3BDC3,ACSP,,2025-01-10T16:03:45
MSG-20251115-BC1B3039,ACSP,,2025-01-22T13:28:53
MSG-20251115-3AA62894,ACSP,,2025-01-22T16:47:31
MSG-20251115-2664F2B4,ACSP,,2025-01-02T09:19:28
MSG-20251115-E4663D14,ACSP,,2025-01-16T15:35:10
MSG-20251115-B48292E9,ACSP,,2025-01-09T15:26:55
MSG-20251115-CF736154,ACSP,,2025-01-17T14:48:19
MSG-20251115-2ED38205,ACSP,,2025-01-30T10:03:13
MSG-20251115-DB0363F2,ACSP,,2025-01-25T10:36:48
MSG-20251115-F54F8EB4,ACSP,,2025-01-16T16:49:01
MSG-20251115-951BAEE8,ACSP,,2025-01-15T16:43:12
MSG-20251115-9D86AFAA,ACSP,,2025-01-15T10:15:24
MSG-20251115-CB5968C4,ACSP,,2025-01-20T14:35:44
MSG-20251115-8254A4E3,ACSP,,2025-01-20T10:14:12
MSG-20251115-9CB1736B,ACSP,,2025-01-09T10:02:35
MSG-20251115-3E033F27,ACSP,,2025-01-12T09:59:28
MSG-20251115-F25B0E75,ACSP,,2025-01-10T11:29:26
MSG-20251115-8C4C05D3,ACSP,,2025-01-07T11:17:06
MSG-20251115-762F4B13,ACSP,,2025-01-19T16:01:12
MSG-20251115-DCD9A7C2,ACSP,,2025-01-11T15:54:11
MSG-20251115-60727886,ACSP,,2025-01-01T13:13:56
MSG-20251115-BFE16A9B,ACSP,,2025-01-19T15:11:08
MSG-20251115-360E6AA5,ACSP,,2025-01-01T15:07:22
MSG-20251115-A32BDFC9,ACSP,,2025-01-11T11:01:56
MSG-20251115-D8F0AF26,ACSP,,2025-01-22T10:40:02
MSG-20251115-FDE632FD,ACSP,,2025-01-08T10:34:52
MSG-20251115-B36DAEB5,ACSP,,2025-01-01T16:54:40
MSG-20251115-9580BDD3,ACSP,,2025-01-01T10:05:27
MSG-20251115-F0355F03,ACSP,,2025-01-01T14:47:22
MSG-20251115-D05E83CC,ACSP,,2025-01-09T14:51:37
MSG-20251115-714C07F9,ACSP,,2025-01-04T10:41:28
MSG-20251115-AFDB8647,ACSP,,2025-01-21T14:04:05
MSG-20251115-B49C1BFE,ACSP,,2025-01-29T11:02:50
MSG-20251115-E2122F15,ACSP,,2025-01-06T11:05:35
MSG-20251115-0CCE6EF2,ACSP,,2025-01-04T10:58:24
MSG-20251115-E612F01D,ACSP,,2025-01-14T14:29:41
MSG-20251115-DD6C247D,ACSP,,2025-01-16T10:37:52
MSG-20251115-974F6DED,ACSP,,2025-01-26T16:28:45
MSG-20251115-DE0EEA30,ACSP,,2025-01-10T11:10:37
MSG-20251115-19ECDBAF,ACSP,,2025-01-18T10:57:15
MSG-20251115-5045A37B,ACSP,,2025-01-08T14:05:17
MSG-20251115-13412130,ACSP,,2025-01-23T16:26:00
MSG-20251115-26D80AB0,ACSP,,2025-01-26T09:41:24
MSG-20251115-8390A979,ACSP,,2025-01-15T15:53:58
MSG-20251115-B8FC809C,ACSP,,2025-01-27T10:55:09
MSG-20251115-450962CB,RJCT,AC01,2025-01-29T11:49:54
MSG-20251115-EC419A0C,ACSP,,2025-01-03T09:15:08
MSG-20251115-1936390F,ACSP,,2025-01-04T15:58:34
MSG-20251115-2CB6C13F,ACSP,,2025-01-06T11:43:43
MSG-20251115-1EAF64DD,RJCT,BE04,2025-01-15T09:34:25
MSG-20251115-2C660FAD,ACSP,,2025-01-26T14:31:10
MSG-20251115-999A3CF9,ACSP,,2025-01-03T09:13:47
MSG-20251115-2BA3AA94,ACSP,,2025-01-09T11:32:35
MSG-20251115-FC52D8B1,ACSP,,2025-01-26T09:31:15
MSG-20251115-37822A04,ACSP,,2025-01-09T10:42:51
MSG-20251115-A0ABFE83,ACSP,,2025-01-20T09:48:28
MSG-20251115-5110D0DB,ACSP,,2025-01-27T13:27:51
MSG-20251115-CC33FFBE,ACSP,,2025-01-06T14:52:02
MSG-20251115-CE856752,ACSP,,2025-01-16T14:16:48
MSG-20251115-D8F7C4DD,ACSP,,2025-01-10T14:54:01
MSG-20251115-2342B012,ACSP,,2025-01-30T11:01:34
MSG-20251115-2F25AE24,ACSP,,2025-01-20T11:59:56
MSG-20251115-C8A51CF2,ACSP,,2025-01-17T09:32:14
MSG-20251115-47A10D3A,ACSP,,2025-01-30T14:54:35
MSG-20251115-EE23D7ED,ACSP,,2025-01-21T14:21:41
MSG-20251115-5C84EEF5,ACSP,,2025-01-15T10:07:13
MSG-20251115-6FF9ABE6,ACSP,,2025-01-02T11:42:18
MSG-20251115-0B74DC10,ACSP,,2025-01-03T15:24:24
MSG-20251115-01B0BF49,ACSP,,2025-01-22T13:35:26
MSG-20251115-3C2613EF,ACSP,,2025-01-08T10:07:36
MSG-20251115-9BE654EA,ACSP,,2025-01-30T09:59:50
MSG-20251115-C561590C,ACSP,,2025-01-21T14:24:03
MSG-20251115-404DC6F3,ACSP,,2025-01-08T09:31:10
MSG-20251115-02706247,ACSP,,2025-01-23T13:10:30
MSG-20251115-F9C6CDB8,ACSP,,2025-01-22T16:57:19
MSG-20251115-9C9B868A,ACSP,,2025-01-22T09:18:07
MSG-20251115-F0F69477,ACSP,,2025-01-26T09:52:32
MSG-20251115-CA90DCF2,ACSP,,2025-01-12T11:38:14
MSG-20251115-51518D86,ACSP,,2025-01-20T16:08:18
MSG-20251115-B2FD92B2,ACSP,,2025-01-23T15:40:15
MSG-20251115-89E797BC,ACSP,,2025-01-10T14:14:31
MSG-20251115-76FC7661,ACSP,,2025-01-10T13:43:10
MSG-20251115-8CC8FEA3,ACSP,,2025-01-09T13:09:20
MSG-20251115-63533FA3,ACSP,,2025-01-12T11:08:37
MSG-20251115-3AD6DD6A,ACSP,,2025-01-02T09:03:32
MSG-20251115-6FE8A374,ACSP,,2025-01-03T15:22:26
MSG-20251115-CDDE2EDF,ACSP,,2025-01-18T11:53:49
MSG-20251115-D6D90082,ACSP,,2025-01-02T13:50:40
MSG-20251115-18FCA660,ACSP,,2025-01-22T14:56:56
MSG-20251115-99B27CFE,ACSP,,2025-01-07T13:14:55
MSG-20251115-9384F276,ACSP,,2025-01-22T14:43:12
MSG-20251115-962EC34E,ACSP,,2025-01-03T10:09:29
MSG-20251115-973B8EB9,ACSP,,2025-01-14T16:51:24
MSG-20251115-4F165969,ACSP,,2025-01-04T14:26:23
MSG-20251115-36F5463A,ACSP,,2025-01-09T15:07:58
MSG-20251115-D826B7C0,ACSP,,2025-01-30T13:41:48
MSG-20251115-E5B6B2B9,ACSP,,2025-01-01T15:16:49
MSG-20251115-239159D7,ACSP,,2025-01-22T16:23:42
MSG-20251115-8F59E48D,ACSP,,2025-01-30T09:11:59
MSG-20251115-347E110F,ACSP,,2025-01-30T16:21:33
MSG-20251115-D9359EDA,ACSP,,2025-01-25T16:54:48
MSG-20251115-D82DBCBD,ACSP,,2025-01-28T09:05:13
MSG-20251115-86910A80,ACSP,,2025-01-20T13:35:43
MSG-20251115-66195205,ACSP,,2025-01-11T13:23:47
MSG-20251115-C147E301,ACSP,,2025-01-25T14:36:21
MSG-20251115-1AD29205,ACSP,,2025-01-01T13:49:57
MSG-20251115-D5F44DCF,ACSP,,2025-01-14T16:49:28
MSG-20251115-30FBD674,ACSP,,2025-01-11T10:20:34
MSG-20251115-C639D91F,ACSP,,2025-01-12T13:42:34
MSG-20251115-92250386,ACSP,,2025-01-20T15:24:31
MSG-20251115-C70AE277,ACSP,,2025-01-09T13:31:03
MSG-20251115-05B15AAB,ACSP,,2025-01-30T14:01:08
MSG-20251115-111C631A,ACSP,,2025-01-28T14:07:10
MSG-20251115-D3D231D3,ACSP,,2025-01-07T16:02:06
MSG-20251115-F31AEB1C,ACSP,,2025-01-24T10:47:56
MSG-20251115-97C8B620,ACSP,,2025-01-17T14:15:30
MSG-20251115-820704A3,ACSP,,2025-01-06T13:30:23
MSG-20251115-31D11F39,ACSP,,2025-01-06T09:32:17
MSG-20251115-52ACDADD,ACSP,,2025-01-05T10:32:24
MSG-20251115-25568AD9,ACSP,,2025-01-20T13:29:40
MSG-20251115-8C9E41CF,ACSP,,2025-01-11T09:46:54
MSG-20251115-A18E290C,ACSP,,2025-01-17T09:42:28
MSG-20251115-3FEB36D2,ACSP,,2025-01-29T16:14:27
MSG-20251115-5CCD2C77,ACSP,,2025-01-05T16:16:35
MSG-20251115-57B160CB,ACSP,,2025-01-23T16:45:55
MSG-20251115-20E96CAF,ACSP,,2025-01-11T15:14:01
MSG-20251115-F020D51B,ACSP,,2025-01-28T14:48:41
MSG-20251115-F62F3482,ACSP,,2025-01-27T10:32:13
MSG-20251115-76B56004,ACSP,,2025-01-12T11:17:21
MSG-20251115-3032E374,ACSP,,2025-01-19T14:00:32
MSG-20251115-DB965AAE,ACSP,,2025-01-04T11:50:02
MSG-20251115-E9C36BF4,ACSP,,2025-01-27T13:11:49
MSG-20251115-F8FFB015,ACSP,,2025-01-12T09:21:49
MSG-20251115-43B0C61D,ACSP,,2025-01-24T13:52:58
MSG-20251115-D5372974,ACSP,,2025-01-06T13:16:59
MSG-20251115-2EA622A4,ACSP,,2025-01-17T15:37:26
MSG-20251115-A3E8652C,ACSP,,2025-01-12T11:50:36
MSG-20251115-E5B0348C,ACSP,,2025-01-24T15:46:24
MSG-20251115-9D43CAB4,ACSP,,2025-01-30T11:53:19
MSG-20251115-2C82C46A,RJCT,AC01,2025-01-15T14:48:14
MSG-20251115-C07BBBB6,ACSP,,2025-01-03T14:19:04
MSG-20251115-019C7928,ACSP,,2025-01-26T10:54:35
MSG-20251115-FB506CB9,RJCT,AM04,2025-01-03T15:58:14
MSG-20251115-F406074B,ACSP,,2025-01-23T15:20:21
MSG-20251115-FD0F2372,ACSP,,2025-01-24T15:24:12
MSG-20251115-431C65F9,ACSP,,2025-01-04T13:13:10
MSG-20251115-61E3A044,ACSP,,2025-01-15T14:09:54
MSG-20251115-8780741D,ACSP,,2025-01-13T09:37:34
MSG-20251115-F8D718CB,ACSP,,2025-01-29T11:45:13
MSG-20251115-009E3992,ACSP,,2025-01-23T10:40:55
MSG-20251115-374005E2,ACSP,,2025-01-15T14:46:31
MSG-20251115-7C02D7C5,ACSP,,2025-01-22T14:19:27
MSG-20251115-1F5B2548,ACSP,,2025-01-19T15:57:52
MSG-20251115-0DC75F9C,ACSP,,2025-01-30T09:53:33
MSG-20251115-C3DE5104,ACSP,,2025-01-17T11:50:06
MSG-20251115-A1E35EE0,ACSP,,2025-01-18T15:52:40
MSG-20251115-EC2843ED,ACSP,,2025-01-02T13:38:49
MSG-20251115-EBC3F5ED,ACSP,,2025-01-26T11:21:33
MSG-20251115-930644AE,ACSP,,2025-01-28T09:31:00
MSG-20251115-A56E1FCC,ACSP,,2025-01-10T13:16:04
MSG-20251115-8EE450A7,ACSP,,2025-01-01T15:50:24
MSG-20251115-0382E551,ACSP,,2025-01-21T13:48:32
MSG-20251115-201EB032,ACSP,,2025-01-17T15:21:30
MSG-20251115-C48D31D6,ACSP,,2025-01-22T15:37:48
MSG-20251115-562A5C09,ACSP,,2025-01-22T09:33:33
MSG-20251115-C3AE2D58,RJCT,AC01,2025-01-15T14:06:34
MSG-20251115-C6CDC8AA,ACSP,,2025-01-17T10:14:56
MSG-20251115-5C0CD1D5,ACSP,,2025-01-01T16:13:09
MSG-20251115-B066CC86,ACSP,,2025-01-24T16:15:27
MSG-20251115-FD64C7F2,ACSP,,2025-01-06T14:16:19
MSG-20251115-EF376DC5,ACSP,,2025-01-05T11:40:50
MSG-20251115-E8244F04,ACSP,,2025-01-16T14:05:09
MSG-20251115-34B6F33C,ACSP,,2025-01-23T11:21:31
MSG-20251115-30A92208,ACSP,,2025-01-02T14:08:04
MSG-20251115-A34D3E26,ACSP,,2025-01-30T15:24:43
MSG-20251115-EA2948C7,ACSP,,2025-01-04T10:38:36
MSG-20251115-16EB41C1,ACSP,,2025-01-27T14:22:21
MSG-20251115-B025CD08,ACSP,,2025-01-28T16:37:16
MSG-20251115-6C100B75,RJCT,AG01,2025-01-13T11:19:25
MSG-20251115-83944C6D,ACSP,,2025-01-30T11:25:28
MSG-20251115-4AA952D0,ACSP,,2025-01-02T16:28:05
MSG-20251115-FBAC3EDD,ACSP,,2025-01-25T10:41:34
MSG-20251115-32C72587,ACSP,,2025-01-16T14:58:39
MSG-20251115-8EB95324,RJCT,AM04,2025-01-01T10:12:20
MSG-20251115-BCEA4F63,RJCT,AC01,2025-01-29T10:01:14
MSG-20251115-EC8BB798,ACSP,,2025-01-11T13:01:45
MSG-20251115-AE8FAEB9,ACSP,,2025-01-21T14:01:53
MSG-20251115-7BA4AE3A,ACSP,,2025-01-02T16:39:58
MSG-20251115-9E9D1974,ACSP,,2025-01-20T14:11:22
MSG-20251115-4099645E,ACSP,,2025-01-25T13:55:57
MSG-20251115-DD911BC3,ACSP,,2025-01-26T13:41:50
MSG-20251115-1185DBA5,ACSP,,2025-01-16T09:11:05
MSG-20251115-B8CBECF4,ACSP,,2025-01-17T16:44:35
MSG-20251115-4EC8DC8C,ACSP,,2025-01-11T11:42:23
MSG-20251115-FD0E7295,ACSP,,2025-01-29T10:10:13
MSG-20251115-22E2DCD3,ACSP,,2025-01-06T14:39:37
MSG-20251115-7FA83214,ACSP,,2025-01-12T10:39:40
MSG-20251115-5C1ACE11,ACSP,,2025-01-01T15:38:55
MSG-20251115-2AAB9D60,ACSP,,2025-01-05T13:42:53
MSG-20251115-82D4961C,ACSP,,2025-01-18T14:47:43
MSG-20251115-C761E348,ACSP,,2025-01-15T09:55:36
MSG-20251115-5CC7B877,ACSP,,2025-01-25T15:03:40
MSG-20251115-E4711D99,ACSP,,2025-01-18T11:10:42
MSG-20251115-F5118B3B,ACSP,,2025-01-29T14:47:01
MSG-20251115-465A5561,ACSP,,2025-01-15T09:00:14
MSG-20251115-BB24989F,ACSP,,2025-01-02T11:26:36
MSG-20251115-6F34A3BB,ACSP,,2025-01-23T15:44:00
MSG-20251115-4980650C,ACSP,,2025-01-05T14:40:04
MSG-20251115-A9FDCECE,ACSP,,2025-01-05T10:46:58
MSG-20251115-88EE3517,ACSP,,2025-01-26T09:05:48
MSG-20251115-F4490F7C,ACSP,,2025-01-01T13:08:22
MSG-20251115-5E98E241,ACSP,,2025-01-16T15:07:08
MSG-20251115-F5AEB01C,ACSP,,2025-01-16T15:19:45
MSG-20251115-7094D617,ACSP,,2025-01-20T14:31:10
MSG-20251115-1B342B2E,ACSP,,2025-01-22T09:22:24
MSG-20251115-8D8042E4,ACSP,,2025-01-22T14:03:37
MSG-20251115-B14A9A3D,ACSP,,2025-01-01T11:03:31
MSG-20251115-55DE9D06,ACSP,,2025-01-22T15:43:07
MSG-20251115-DC9BD8EF,RJCT,BE04,2025-01-12T10:54:09
MSG-20251115-2143461D,ACSP,,2025-01-28T10:29:07
MSG-20251115-0622BC6B,ACSP,,2025-01-12T16:26:16
MSG-20251115-7A845D64,ACSP,,2025-01-03T14:19:26
MSG-20251115-067BCA6C,ACSP,,2025-01-02T15:53:54
MSG-20251115-B0FD4401,ACSP,,2025-01-30T15:42:03
MSG-20251115-A9636A80,ACSP,,2025-01-13T10:07:54
MSG-20251115-B7922030,ACSP,,2025-01-11T14:52:33
MSG-20251115-9897430C,ACSP,,2025-01-17T11:42:14
MSG-20251115-2B4EF322,ACSP,,2025-01-19T10:02:42
MSG-20251115-E41DAC7F,ACSP,,2025-01-06T11:50:20
MSG-20251115-00F3981B,ACSP,,2025-01-19T10:39:40
MSG-20251115-1B59B69F,ACSP,,2025-01-11T16:30:22
MSG-20251115-71BE647F,ACSP,,2025-01-30T13:35:30
MSG-20251115-69EED213,ACSP,,2025-01-29T10:41:45
MSG-20251115-3C884EE6,ACSP,,2025-01-08T11:56:44
MSG-20251115-0AEFA9BE,ACSP,,2025-01-27T13:31:09
MSG-20251115-D424F764,ACSP,,2025-01-29T15:03:03
MSG-20251115-A1851A0C,ACSP,,2025-01-12T10:33:57
MSG-20251115-D06BDFA5,ACSP,,2025-01-18T15:11:16
MSG-20251115-FE82C566,ACSP,,2025-01-23T10:09:48
MSG-20251115-9A98BFF5,RJCT,AB05,2025-01-15T11:26:24
MSG-20251115-3894D5E0,ACSP,,2025-01-16T13:37:30
MSG-20251115-69AD16A7,ACSP,,2025-01-14T09:31:28
MSG-20251115-BE811EB2,ACSP,,2025-01-26T16:42:27
MSG-20251115-D3FD8C11,ACSP,,2025-01-19T10:36:07
MSG-20251115-26399B20,ACSP,,2025-01-29T14:51:47
MSG-20251115-C106902A,ACSP,,2025-01-24T10:47:25
MSG-20251115-78B94D61,RJCT,AC01,2025-01-06T13:31:17
MSG-20251115-624AE1D4,ACSP,,2025-01-29T16:35:22
MSG-20251115-92301BA2,ACSP,,2025-01-26T11:32:47
MSG-20251115-91A3FABA,ACSP,,2025-01-04T09:24:55
MSG-20251115-F24EBE19,ACSP,,2025-01-23T16:59:27
MSG-20251115-56ACFEE5,ACSP,,2025-01-17T09:59:19
MSG-20251115-5B33045D,ACSP,,2025-01-15T13:20:38
MSG-20251115-C30E4C74,ACSP,,2025-01-26T13:49:03
MSG-20251115-E2E91A6D,ACSP,,2025-01-10T14:59:49
MSG-20251115-2C7415F2,ACSP,,2025-01-21T09:14:34
MSG-20251115-65CA6A34,ACSP,,2025-01-18T15:54:40
MSG-20251115-969E4319,ACSP,,2025-01-20T15:35:06
MSG-20251115-E5D3C9EA,ACSP,,2025-01-11T13:57:01
MSG-20251115-A8F8F999,ACSP,,2025-01-11T16:05:19
MSG-20251115-88F276C5,ACSP,,2025-01-30T11:57:16
MSG-20251115-C0EDA586,ACSP,,2025-01-18T10:10:50
MSG-20251115-1EC63F14,ACSP,,2025-01-05T09:16:34
MSG-20251115-88CF454A,ACSP,,2025-01-03T15:50:16
MSG-20251115-3125C877,ACSP,,2025-01-13T10:30:05
MSG-20251115-F37051B0,ACSP,,2025-01-05T14:37:10
MSG-20251115-FE15D10F,ACSP,,2025-01-01T13:16:54
MSG-20251115-EED56827,ACSP,,2025-01-27T11:29:58
MSG-20251115-FA935B18,ACSP,,2025-01-09T13:43:30
MSG-20251115-A4A117E9,ACSP,,2025-01-07T13:08:49
MSG-20251115-602BCBFD,ACSP,,2025-01-09T11:14:51
MSG-20251115-38A9FCB7,ACSP,,2025-01-02T16:53:04
MSG-20251115-429E7F90,ACSP,,2025-01-27T15:30:52
MSG-20251115-6A64559B,ACSP,,2025-01-11T11:23:18
MSG-20251115-B96DDDC1,ACSP,,2025-01-29T14:44:20
MSG-20251115-26249836,ACSP,,2025-01-12T15:39:54
MSG-20251115-C2AC3DA7,ACSP,,2025-01-17T14:57:44
MSG-20251115-0BF7FC2E,ACSP,,2025-01-24T13:29:38
MSG-20251115-AB13B5B9,ACSP,,2025-01-23T16:19:39
MSG-20251115-0B0E4C5F,ACSP,,2025-01-01T13:58:14
MSG-20251115-46E8DBC8,ACSP,,2025-01-19T15:40:29
MSG-20251115-4C2A1361,ACSP,,2025-01-16T14:01:48
MSG-20251115-2F960812,ACSP,,2025-01-05T13:03:27
MSG-20251115-7AB3B8ED,ACSP,,2025-01-24T10:34:14
MSG-20251115-A10FEF53,ACSP,,2025-01-14T10:42:51
MSG-20251115-16E9F13C,ACSP,,2025-01-04T11:55:54
MSG-20251115-3813F51B,ACSP,,2025-01-13T14:01:32
MSG-20251115-DFA5CD5C,ACSP,,2025-01-11T14:25:16
MSG-20251115-801772AE,ACSP,,2025-01-12T14:23:32
MSG-20251115-CC59FC5B,ACSP,,2025-01-29T11:22:24
MSG-20251115-5169D8E4,RJCT,FF01,2025-01-15T09:20:41
MSG-20251115-DA50093F,ACSP,,2025-01-20T11:10:59
MSG-20251115-5666C34D,ACSP,,2025-01-26T09:30:58
MSG-20251115-0A981FE2,RJCT,AM04,2025-01-13T13:21:28
MSG-20251115-1B5A1525,ACSP,,2025-01-10T15:25:51
MSG-20251115-D7FED5D2,ACSP,,2025-01-26T16:03:00
MSG-20251115-DB928B90,ACSP,,2025-01-07T09:35:07
MSG-20251115-4C6E7EDB,ACSP,,2025-01-22T15:16:44
MSG-20251115-F8BB76DD,ACSP,,2025-01-24T13:12:06
MSG-20251115-D6AA1DB1,ACSP,,2025-01-21T15:54:29
MSG-20251115-C46C8E95,RJCT,AM04,2025-01-12T13:56:47
MSG-20251115-8365DEED,ACSP,,2025-01-23T09:19:25
MSG-20251115-B337601A,RJCT,AG01,2025-01-11T11:27:54
MSG-20251115-03538249,ACSP,,2025-01-07T15:20:43
MSG-20251115-96350DCA,ACSP,,2025-01-03T16:14:40
MSG-20251115-B330AC6F,ACSP,,2025-01-03T16:34:01
MSG-20251115-2EE092FE,ACSP,,2025-01-05T09:52:48
MSG-20251115-E2085C48,RJCT,AC01,2025-01-08T09:06:23
MSG-20251115-0972D595,ACSP,,2025-01-19T14:46:27
MSG-20251115-8FA080AE,ACSP,,2025-01-27T10:07:27
MSG-20251115-097340AF,ACSP,,2025-01-11T14:38:23
MSG-20251115-87797F19,ACSP,,2025-01-29T15:43:04
MSG-20251115-BFF5E86F,ACSP,,2025-01-03T09:58:44
MSG-20251115-AAE4E7C6,ACSP,,2025-01-29T10:54:22
MSG-20251115-A92A5453,ACSP,,2025-01-08T13:14:16
MSG-20251115-D04F91B7,ACSP,,2025-01-19T11:29:34
MSG-20251115-AAE50725,ACSP,,2025-01-12T09:56:27
MSG-20251115-EB3711D9,ACSP,,2025-01-23T15:44:50
MSG-20251115-7E6B6D3C,ACSP,,2025-01-04T14:01:54
MSG-20251115-46D16666,ACSP,,2025-01-11T15:47:21
MSG-20251115-5CEBFEB0,ACSP,,2025-01-14T14:59:34
MSG-20251115-14A1F167,ACSP,,2025-01-30T10:58:54
MSG-20251115-390A9632,ACSP,,2025-01-25T16:14:57
MSG-20251115-97209F19,RJCT,AC01,2025-01-17T15:00:43
MSG-20251115-C84B7C06,ACSP,,2025-01-18T14:13:43
MSG-20251115-BADFD3FB,ACSP,,2025-01-11T10:53:24
MSG-20251115-14A28293,ACSP,,2025-01-08T14:22:55
MSG-20251115-447092B0,ACSP,,2025-01-17T15:22:30
MSG-20251115-56AAF9C7,ACSP,,2025-01-12T11:59:26
MSG-20251115-BCEF9220,ACSP,,2025-01-26T09:14:55
MSG-20251115-4A1EF548,ACSP,,2025-01-18T10:14:17
MSG-20251115-F1706A8F,ACSP,,2025-01-08T10:01:18
MSG-20251115-4309A242,ACSP,,2025-01-12T10:21:16
MSG-20251115-E8FBA8DE,ACSP,,2025-01-24T14:48:36
MSG-20251115-9B3DAF57,ACSP,,2025-01-02T14:15:38
MSG-20251115-F02E5F70,ACSP,,2025-01-13T09:08:27
MSG-20251115-47F54CD1,ACSP,,2025-01-24T15:18:39
MSG-20251115-30B7AA2F,ACSP,,2025-01-23T16:48:04
MSG-20251115-DA1CABD7,ACSP,,2025-01-04T11:26:33
MSG-20251115-AAC9CED5,ACSP,,2025-01-13T13:51:14
MSG-20251115-D77D5B13,ACSP,,2025-01-12T11:12:14
MSG-20251115-87AFE36A,RJCT,AM04,2025-01-30T15:53:23
MSG-20251115-3773B646,ACSP,,2025-01-10T15:46:25
MSG-20251115-C689B100,ACSP,,2025-01-26T14:02:05
MSG-20251115-743F6CE9,ACSP,,2025-01-21T16:10:38
MSG-20251115-88F5579A,ACSP,,2025-01-22T16:47:28
MSG-20251115-33BACAE2,ACSP,,2025-01-18T11:45:04
MSG-20251115-DBBAD2CB,RJCT,AM04,2025-01-09T09:53:22
MSG-20251115-94BD7F1C,RJCT,BE04,2025-01-03T16:28:26
MSG-20251115-4EFED6AC,ACSP,,2025-01-27T10:43:09
MSG-20251115-2B9FD642,ACSP,,2025-01-02T09:47:28
MSG-20251115-2EB20D27,ACSP,,2025-01-29T13:08:32
MSG-20251115-2A07A6E2,ACSP,,2025-01-20T13:26:40
MSG-20251115-CFA1A9F3,ACSP,,2025-01-27T13:47:51
MSG-20251115-5497DC58,ACSP,,2025-01-01T09:28:28
MSG-20251115-44CFDD49,ACSP,,2025-01-10T14:39:49
MSG-20251115-4955DB57,ACSP,,2025-01-08T11:46:19
MSG-20251115-9504F8A6,ACSP,,2025-01-14T11:50:14
MSG-20251115-34F07C9D,ACSP,,2025-01-15T09:32:00
MSG-20251115-A13075FF,ACSP,,2025-01-15T14:05:14
MSG-20251115-F462DB04,ACSP,,2025-01-03T13:58:22
MSG-20251115-46DA6FA0,ACSP,,2025-01-11T13:24:11
MSG-20251115-DAFE347D,ACSP,,2025-01-22T10:55:27
MSG-20251115-D37A1A70,ACSP,,2025-01-22T16:03:26
MSG-20251115-839032E5,ACSP,,2025-01-23T14:06:52
MSG-20251115-B67E5DDC,ACSP,,2025-01-02T13:35:38
MSG-20251115-D7D71806,ACSP,,2025-01-24T10:08:34
MSG-20251115-5E9BE2D9,ACSP,,2025-01-09T14:48:57
MSG-20251115-8875D306,ACSP,,2025-01-12T15:20:49
MSG-20251115-A5A2C285,ACSP,,2025-01-23T16:16:43
MSG-20251115-98987719,ACSP,,2025-01-02T14:38:33
MSG-20251115-CAD80B58,ACSP,,2025-01-11T09:10:55
MSG-20251115-8615346D,ACSP,,2025-01-13T14:39:08
MSG-20251115-945B7D80,RJCT,AM04,2025-01-24T09:10:25
MSG-20251115-DA11DC27,ACSP,,2025-01-27T10:44:15
MSG-20251115-40DCE959,RJCT,FF01,2025-01-04T15:49:04
MSG-20251115-99081B25,ACSP,,2025-01-27T15:51:26
MSG-20251115-631492AE,ACSP,,2025-01-17T15:04:23
MSG-20251115-42F89222,RJCT,AM04,2025-01-25T15:39:36
MSG-20251115-CE6B4BF6,ACSP,,2025-01-09T10:18:46
MSG-20251115-96909C78,ACSP,,2025-01-24T11:37:04
MSG-20251115-4BE33F2F,ACSP,,2025-01-02T15:32:31
MSG-20251115-C224CF87,ACSP,,2025-01-05T14:32:28
MSG-20251115-33092B38,ACSP,,2025-01-17T09:30:39
MSG-20251115-AF8C8364,ACSP,,2025-01-28T15:02:48
MSG-20251115-B0C2D588,ACSP,,2025-01-06T14:12:22
MSG-20251115-B8E53299,ACSP,,2025-01-12T16:25:31
MSG-20251115-74A4B87B,ACSP,,2025-01-25T15:56:14
MSG-20251115-C9AC8BA7,ACSP,,2025-01-14T10:23:29
MSG-20251115-EC294E06,RJCT,RC01,2025-01-04T16:23:30
MSG-20251115-0E9A8365,ACSP,,2025-01-24T15:24:39
MSG-20251115-CF80DA20,ACSP,,2025-01-07T16:33:40
MSG-20251115-80F82298,ACSP,,2025-01-18T11:47:41
MSG-20251115-BC97BF84,ACSP,,2025-01-29T15:56:59
MSG-20251115-F8399B5C,ACSP,,2025-01-04T09:15:55
MSG-20251115-EF9677BD,ACSP,,2025-01-05T13:14:12
MSG-20251115-60B8F123,ACSP,,2025-01-07T16:16:04
MSG-20251115-8F372DD3,ACSP,,2025-01-18T11:25:04
MSG-20251115-BEFCDFB5,ACSP,,2025-01-09T14:15:14
MSG-20251115-9E1688AD,ACSP,,2025-01-16T14:39:03
MSG-20251115-B261A1A1,ACSP,,2025-01-12T15:48:23
MSG-20251115-EEDA2706,ACSP,,2025-01-12T14:45:36
MSG-20251115-47192E04,ACSP,,2025-01-14T11:02:11
MSG-20251115-07CD7015,ACSP,,2025-01-17T10:24:56
MSG-20251115-54DB9C82,ACSP,,2025-01-08T10:31:26
MSG-20251115-D72748C0,ACSP,,2025-01-23T11:01:38
MSG-20251115-385DCDAE,ACSP,,2025-01-12T15:24:51
MSG-20251115-7F9740AE,ACSP,,2025-01-14T13:44:32
MSG-20251115-0AE08133,ACSP,,2025-01-21T14:15:15
MSG-20251115-BE8EA7A4,ACSP,,2025-01-08T16:38:15
MSG-20251115-0A35BC03,ACSP,,2025-01-08T10:23:06
MSG-20251115-E47203FD,ACSP,,2025-01-05T09:22:26
MSG-20251115-ECAA15D6,ACSP,,2025-01-07T10:46:23
MSG-20251115-44F94CF6,ACSP,,2025-01-01T16:38:09
MSG-20251115-90F136AE,ACSP,,2025-01-12T14:53:23
MSG-20251115-84BCD812,ACSP,,2025-01-07T09:03:54
MSG-20251115-DE3E321F,ACSP,,2025-01-13T13:25:41
MSG-20251115-E4483B04,ACSP,,2025-01-24T13:56:27
MSG-20251115-05A67629,ACSP,,2025-01-09T10:14:53
MSG-20251115-84C1DF91,ACSP,,2025-01-19T09:02:30
MSG-20251115-F8EB8B2A,ACSP,,2025-01-24T13:01:43
MSG-20251115-D47F58CA,ACSP,,2025-01-10T11:51:50
MSG-20251115-DF0CF24C,ACSP,,2025-01-17T11:42:07
MSG-20251115-96BE64CA,ACSP,,2025-01-20T16:34:00
MSG-20251115-8B22D45E,ACSP,,2025-01-01T11:24:12
MSG-20251115-EC4C2AA1,ACSP,,2025-01-09T14:54:22
MSG-20251115-92617297,ACSP,,2025-01-05T10:39:11
MSG-20251115-66AF3C17,ACSP,,2025-01-15T10:54:43
MSG-20251115-189BFA9C,ACSP,,2025-01-09T16:55:52
MSG-20251115-F3D30754,ACSP,,2025-01-20T16:34:40
MSG-20251115-0DD18247,ACSP,,2025-01-08T09:35:11
MSG-20251115-5EFC8D03,ACSP,,2025-01-30T16:20:29
MSG-20251115-1032514F,ACSP,,2025-01-04T16:56:18
MSG-20251115-432A64CA,ACSP,,2025-01-03T09:35:47
MSG-20251115-A9618C8D,RJCT,BE04,2025-01-20T11:26:16
MSG-20251115-974EB675,ACSP,,2025-01-13T11:30:15
MSG-20251115-F99623D8,ACSP,,2025-01-14T09:12:43
MSG-20251115-C6CFE86F,ACSP,,2025-01-24T10:55:43
MSG-20251115-5C5989D9,ACSP,,2025-01-23T10:48:44
MSG-20251115-F8FD8402,ACSP,,2025-01-26T15:20:41
MSG-20251115-5CA0AFCD,ACSP,,2025-01-12T16:57:44
MSG-20251115-BB3086DF,ACSP,,2025-01-27T16:35:15
MSG-20251115-9C368704,ACSP,,2025-01-26T15:33:06
MSG-20251115-332319AF,ACSP,,2025-01-28T11:55:28
MSG-20251115-A356E155,ACSP,,2025-01-18T09:26:18
MSG-20251115-B0023215,ACSP,,2025-01-30T14:42:57
MSG-20251115-E5962C7E,ACSP,,2025-01-19T09:45:56
MSG-20251115-F10ECB4F,ACSP,,2025-01-03T10:29:52
MSG-20251115-5BF29E3D,ACSP,,2025-01-20T16:40:50
MSG-20251115-97BEE8C7,ACSP,,2025-01-30T13:07:15
MSG-20251115-FD4324D3,ACSP,,2025-01-27T16:05:16
MSG-20251115-462715C1,ACSP,,2025-01-19T15:58:48
MSG-20251115-DCCA3B90,ACSP,,2025-01-28T13:05:16
MSG-20251115-18B80A36,ACSP,,2025-01-05T13:30:41
MSG-20251115-3645E9B9,ACSP,,2025-01-23T16:28:36
MSG-20251115-2725DA94,ACSP,,2025-01-19T15:25:18
MSG-20251115-5452CF34,ACSP,,2025-01-04T09:38:08
MSG-20251115-F0726CEC,ACSP,,2025-01-29T09:45:49
MSG-20251115-53D683A3,ACSP,,2025-01-07T09:12:39
MSG-20251115-EE74736C,RJCT,AM05,2025-01-02T14:53:54
MSG-20251115-11501F26,ACSP,,2025-01-18T13:47:14
MSG-20251115-CDA39C12,ACSP,,2025-01-19T15:27:40
MSG-20251115-D20148BE,ACSP,,2025-01-06T09:04:33
MSG-20251115-34751180,ACSP,,2025-01-13T15:18:49
MSG-20251115-519E4889,ACSP,,2025-01-27T10:00:08
MSG-20251115-C11CAB22,ACSP,,2025-01-02T15:53:00
MSG-20251115-C159AF40,ACSP,,2025-01-09T11:00:02
MSG-20251115-2E0A7697,ACSP,,2025-01-27T10:02:39
MSG-20251115-8C35B4E3,ACSP,,2025-01-13T14:40:53
MSG-20251115-E71EFB2E,ACSP,,2025-01-19T13:02:54
MSG-20251115-D7478A19,ACSP,,2025-01-05T13:42:19
MSG-20251115-411C7C7E,ACSP,,2025-01-30T14:12:22
MSG-20251115-917A8341,ACSP,,2025-01-15T14:51:37
MSG-20251115-4C5D67E8,ACSP,,2025-01-04T14:58:33
MSG-20251115-D9D29148,ACSP,,2025-01-16T11:46:11
MSG-20251115-52C67EB0,ACSP,,2025-01-05T15:47:01
MSG-20251115-51D3B0BC,ACSP,,2025-01-04T15:26:58
MSG-20251115-173C76AA,ACSP,,2025-01-25T16:21:19
MSG-20251115-8AA987A7,ACSP,,2025-01-16T13:03:28
MSG-20251115-1907083B,ACSP,,2025-01-27T13:20:14
MSG-20251115-91C3FA52,ACSP,,2025-01-07T09:49:04
MSG-20251115-63D7EA89,ACSP,,2025-01-05T11:56:47
MSG-20251115-8CE5CE68,ACSP,,2025-01-24T15:36:00
MSG-20251115-3774A437,ACSP,,2025-01-04T11:58:04
MSG-20251115-6FE1AE67,ACSP,,2025-01-30T13:15:43
MSG-20251115-20FE5042,ACSP,,2025-01-17T11:25:27
MSG-20251115-3C60236F,RJCT,AM04,2025-01-22T16:16:51
MSG-20251115-951141B6,ACSP,,2025-01-29T17:00:06
MSG-20251115-9BC52FB2,ACSP,,2025-01-30T13:43:49
MSG-20251115-4948AEFF,ACSP,,2025-01-09T13:54:53
MSG-20251115-DE832623,ACSP,,2025-01-23T15:20:51
MSG-20251115-221F50F9,ACSP,,2025-01-08T09:14:54
MSG-20251115-9D779760,ACSP,,2025-01-26T13:38:45
MSG-20251115-EAFF828E,ACSP,,2025-01-15T10:53:01
MSG-20251115-39A197DB,ACSP,,2025-01-15T11:53:12
MSG-20251115-07BB83EC,ACSP,,2025-01-07T13:51:49
MSG-20251115-19FFFBFE,ACSP,,2025-01-21T11:13:58
MSG-20251115-48CBDF10,ACSP,,2025-01-11T09:17:22
MSG-20251115-B45783AB,ACSP,,2025-01-06T09:18:02
MSG-20251115-A243452B,ACSP,,2025-01-18T16:37:08
MSG-20251115-56DA869C,ACSP,,2025-01-24T13:08:55
MSG-20251115-5AE30BB1,ACSP,,2025-01-18T11:41:19
MSG-20251115-1A3BE045,ACSP,,2025-01-05T09:45:09
MSG-20251115-C313890D,ACSP,,2025-01-26T11:15:11
MSG-20251115-E114EB50,ACSP,,2025-01-30T11:24:20
MSG-20251115-F97F2E30,ACSP,,2025-01-09T16:14:40
MSG-20251115-815510DC,ACSP,,2025-01-08T15:16:47
MSG-20251115-969BFF15,ACSP,,2025-01-03T09:51:16
MSG-20251115-E348E598,ACSP,,2025-01-10T10:41:01
MSG-20251115-759FA291,ACSP,,2025-01-21T09:50:15
MSG-20251115-C4B56408,RJCT,FF01,2025-01-02T13:55:28
MSG-20251115-50BFB5CC,RJCT,AC01,2025-01-20T11:15:01
MSG-20251115-FA6883CD,ACSP,,2025-01-29T11:40:04
MSG-20251115-890442CE,ACSP,,2025-01-08T15:41:17
MSG-20251115-2815637D,ACSP,,2025-01-15T16:46:50
MSG-20251115-BDFFED32,ACSP,,2025-01-18T14:21:22
MSG-20251115-2FBA43A0,ACSP,,2025-01-15T09:15:20
MSG-20251115-CCBB2863,ACSP,,2025-01-01T09:45:57
MSG-20251115-DAD46B91,ACSP,,2025-01-04T15:12:29
MSG-20251115-8BE899C5,ACSP,,2025-01-28T10:11:30
MSG-20251115-AE289A13,ACSP,,2025-01-09T13:54:13
MSG-20251115-B94D394B,ACSP,,2025-01-21T10:57:22
MSG-20251115-DF4B123F,ACSP,,2025-01-22T14:02:32
MSG-20251115-E28FA4AD,ACSP,,2025-01-07T11:44:42
MSG-20251115-62117DA0,ACSP,,2025-01-17T13:21:11
MSG-20251115-E2FE2270,ACSP,,2025-01-01T15:26:44
MSG-20251115-B4E627AA,ACSP,,2025-01-25T13:01:35
MSG-20251115-88FE1A81,ACSP,,2025-01-09T13:36:19
MSG-20251115-7DDD8259,ACSP,,2025-01-30T11:50:30
MSG-20251115-C9DFE5C1,ACSP,,2025-01-20T16:34:14
MSG-20251115-82E411FE,ACSP,,2025-01-30T13:27:09
MSG-20251115-AF04AB1F,ACSP,,2025-01-17T14:32:42
MSG-20251115-01DF2FFB,ACSP,,2025-01-07T15:53:00
MSG-20251115-5ABB822B,ACSP,,2025-01-08T15:55:38
MSG-20251115-752F7972,ACSP,,2025-01-26T14:58:40
MSG-20251115-907D252C,ACSP,,2025-01-28T14:07:52
MSG-20251115-520781E8,ACSP,,2025-01-20T09:22:59
MSG-20251115-85B7297B,ACSP,,2025-01-24T16:28:25
MSG-20251115-B314EDF8,ACSP,,2025-01-19T10:01:11
MSG-20251115-195B009C,ACSP,,2025-01-25T15:56:15
MSG-20251115-43A27109,ACSP,,2025-01-11T14:15:37
MSG-20251115-A9AC866A,ACSP,,2025-01-22T16:26:33
MSG-20251115-328B95A5,ACSP,,2025-01-26T16:52:10
MSG-20251115-59E8CA03,ACSP,,2025-01-02T11:34:54
MSG-20251115-C5CB37D7,ACSP,,2025-01-04T13:57:39
MSG-20251115-907DE0D6,ACSP,,2025-01-06T15:59:54
MSG-20251115-08AF9FE6,ACSP,,2025-01-22T10:06:35
MSG-20251115-4E91B63E,ACSP,,2025-01-01T15:40:16
MSG-20251115-CB2E07AD,ACSP,,2025-01-02T15:35:49
MSG-20251115-81726D1F,ACSP,,2025-01-28T15:56:02
MSG-20251115-EFA4A314,ACSP,,2025-01-09T11:34:03
MSG-20251115-AA671440,RJCT,FF01,2025-01-27T14:45:14
MSG-20251115-7C4FFF3E,ACSP,,2025-01-17T14:45:01
MSG-20251115-9FFC1C27,ACSP,,2025-01-24T09:24:04
MSG-20251115-685AEBF0,RJCT,AG01,2025-01-21T09:49:05
MSG-20251115-6C3A3A51,RJCT,RC01,2025-01-15T14:11:41
MSG-20251115-E32D89EB,ACSP,,2025-01-29T16:44:06
MSG-20251115-74179AB4,ACSP,,2025-01-26T15:23:57
MSG-20251115-7ED966D5,ACSP,,2025-01-17T09:25:36
MSG-20251115-EF984E88,ACSP,,2025-01-19T16:12:53
MSG-20251115-4AFBA245,ACSP,,2025-01-24T10:03:15
MSG-20251115-10EC2F81,ACSP,,2025-01-15T16:03:59
MSG-20251115-29E2F1B2,RJCT,BE04,2025-01-06T15:48:23
MSG-20251115-E967FA7D,ACSP,,2025-01-12T10:15:51
MSG-20251115-E8285C1F,ACSP,,2025-01-29T11:27:05
MSG-20251115-BB384C69,ACSP,,2025-01-28T14:51:07
MSG-20251115-FEE5EDF0,ACSP,,2025-01-07T15:53:48
MSG-20251115-77817E60,ACSP,,2025-01-23T15:39:22
MSG-20251115-BF7E7B97,ACSP,,2025-01-21T14:29:52
MSG-20251115-1F5413CA,ACSP,,2025-01-04T14:20:37
MSG-20251115-51D83AC4,ACSP,,2025-01-07T10:13:30
MSG-20251115-F36855C4,ACSP,,2025-01-29T11:30:33
MSG-20251115-D6EB9461,RJCT,FF01,2025-01-01T15:23:46
MSG-20251115-37F109A7,ACSP,,2025-01-24T14:58:46
MSG-20251115-921C9AB7,ACSP,,2025-01-16T09:43:31
MSG-20251115-30D12D29,ACSP,,2025-01-08T13:27:32
MSG-20251115-B80D9B24,ACSP,,2025-01-15T11:24:51
MSG-20251115-3B5A11F5,RJCT,MD07,2025-01-16T14:34:11
MSG-20251115-3A27E7E6,ACSP,,2025-01-19T09:52:01
MSG-20251115-3558E9F7,ACSP,,2025-01-27T14:18:32
MSG-20251115-CD4685B2,ACSP,,2025-01-15T10:50:10
MSG-20251115-72913D14,ACSP,,2025-01-17T15:52:34
MSG-20251115-EAF37981,RJCT,RC01,2025-01-23T13:00:34
MSG-20251115-5884B59A,RJCT,AC01,2025-01-20T09:13:01
MSG-20251115-04B88E99,ACSP,,2025-01-26T11:17:04
MSG-20251115-FDF089D3,ACSP,,2025-01-09T11:03:04
MSG-20251115-D65E8554,ACSP,,2025-01-01T16:12:48
MSG-20251115-5BEFFFC3,ACSP,,2025-01-28T13:56:25
MSG-20251115-59C7EB21,ACSP,,2025-01-24T11:11:10
MSG-20251115-7AE29728,ACSP,,2025-01-08T09:41:12
MSG-20251115-489B53B2,ACSP,,2025-01-01T16:02:12
MSG-20251115-D78ABC3E,ACSP,,2025-01-26T16:46:48
MSG-20251115-8491D81C,ACSP,,2025-01-28T13:41:38
MSG-20251115-85DB66B4,RJCT,AC01,2025-01-10T16:13:59
MSG-20251115-0D1E9ED6,ACSP,,2025-01-26T09:20:37
MSG-20251115-B4D58742,ACSP,,2025-01-30T09:23:44
MSG-20251115-B0E3F834,ACSP,,2025-01-15T15:56:23
MSG-20251115-89FDE0C9,ACSP,,2025-01-21T13:22:41
MSG-20251115-4440560B,ACSP,,2025-01-18T16:33:15
MSG-20251115-94636F8D,ACSP,,2025-01-28T16:40:17
MSG-20251115-25EE5939,ACSP,,2025-01-21T14:47:06
MSG-20251115-BC0CAD8F,ACSP,,2025-01-19T09:16:46
MSG-20251115-695C5DDE,ACSP,,2025-01-09T13:34:21
MSG-20251115-EF57B8C4,ACSP,,2025-01-27T13:52:14
MSG-20251115-FD169161,ACSP,,2025-01-24T09:35:09
MSG-20251115-6F7969FE,ACSP,,2025-01-02T16:22:59
MSG-20251115-7A8B1272,ACSP,,2025-01-26T11:41:12
MSG-20251115-789F2AC4,ACSP,,2025-01-17T15:48:47
MSG-20251115-E2E8ED8B,ACSP,,2025-01-15T15:57:07
MSG-20251115-0ED55007,ACSP,,2025-01-12T11:48:28
MSG-20251115-30D350BE,ACSP,,2025-01-24T10:55:38
MSG-20251115-E4CD3BE3,ACSP,,2025-01-16T09:48:48
MSG-20251115-F2A249DD,ACSP,,2025-01-19T13:50:34
MSG-20251115-745923CA,ACSP,,2025-01-05T16:46:21
MSG-20251115-BE6FE851,ACSP,,2025-01-11T11:40:08
MSG-20251115-A4BB9AA7,ACSP,,2025-01-15T11:42:43
MSG-20251115-18B53AF9,ACSP,,2025-01-16T16:46:43
MSG-20251115-F810DA48,ACSP,,2025-01-27T11:07:57
MSG-20251115-1567B35D,RJCT,AM04,2025-01-11T11:25:13
MSG-20251115-17AA6920,ACSP,,2025-01-20T11:57:00
MSG-20251115-E6883A7A,RJCT,BE04,2025-01-07T11:54:20
MSG-20251115-9B281175,ACSP,,2025-01-14T10:04:00
MSG-20251115-A9F05F73,ACSP,,2025-01-01T10:28:38
MSG-20251115-F4CC7875,ACSP,,2025-01-12T11:46:47
MSG-20251115-D00F7602,ACSP,,2025-01-19T16:15:15
MSG-20251115-72FD09B5,ACSP,,2025-01-22T13:29:01
MSG-20251115-5CCE1CB4,ACSP,,2025-01-03T09:25:23
MSG-20251115-4536CD46,ACSP,,2025-01-12T15:14:09
MSG-20251115-8E9A80B3,ACSP,,2025-01-20T13:13:03
MSG-20251115-F666ECF5,ACSP,,2025-01-19T09:12:43
MSG-20251115-FF360885,ACSP,,2025-01-21T09:38:29
MSG-20251115-A1A19B62,ACSP,,2025-01-25T15:28:12
MSG-20251115-8D780A3D,ACSP,,2025-01-24T09:37:15
MSG-20251115-FD7EE66A,ACSP,,2025-01-06T13:52:20
MSG-20251115-5F7C2DE3,ACSP,,2025-01-10T11:58:12
MSG-20251115-8874B545,ACSP,,2025-01-25T14:40:58
MSG-20251115-DE079B24,ACSP,,2025-01-22T13:37:37
MSG-20251115-C9D7F134,ACSP,,2025-01-10T14:36:07
MSG-20251115-0770D901,ACSP,,2025-01-26T10:42:15
MSG-20251115-4EA0BF42,ACSP,,2025-01-26T14:27:48
MSG-20251115-09BC08F8,ACSP,,2025-01-21T14:54:14
MSG-20251115-1422311A,ACSP,,2025-01-13T14:45:36
MSG-20251115-3016193C,ACSP,,2025-01-19T15:54:04
MSG-20251115-CB204F28,ACSP,,2025-01-09T14:38:32
MSG-20251115-CEAA25E9,ACSP,,2025-01-07T16:33:27
MSG-20251115-E4DF49C5,ACSP,,2025-01-07T10:28:26
MSG-20251115-5DE2069C,ACSP,,2025-01-02T11:53:45
MSG-20251115-2F6F670D,ACSP,,2025-01-22T14:44:45
MSG-20251115-E64B00C1,ACSP,,2025-01-18T13:00:09
MSG-20251115-C131E16D,ACSP,,2025-01-21T13:32:59
MSG-20251115-707E6AD6,ACSP,,2025-01-14T16:11:19
MSG-20251115-1668BDAA,ACSP,,2025-01-12T16:17:10
MSG-20251115-7079EB8B,ACSP,,2025-01-22T10:29:42
MSG-20251115-674CAD0C,ACSP,,2025-01-02T16:22:21
MSG-20251115-433E828F,ACSP,,2025-01-26T11:28:05
MSG-20251115-B74AE5D8,ACSP,,2025-01-18T09:42:48
MSG-20251115-C4CCC735,ACSP,,2025-01-14T13:14:18
MSG-20251115-0F7D9BE4,ACSP,,2025-01-25T11:08:59
MSG-20251115-E54C2935,ACSP,,2025-01-30T13:54:50
MSG-20251115-9C58EE72,ACSP,,2025-01-12T16:08:53
MSG-20251115-C9CE58D8,ACSP,,2025-01-19T15:52:38
MSG-20251115-2DE7193F,ACSP,,2025-01-16T09:48:20
MSG-20251115-65555FC7,ACSP,,2025-01-26T11:14:43
MSG-20251115-DC2C95A7,ACSP,,2025-01-21T14:33:00
MSG-20251115-00640227,ACSP,,2025-01-01T10:51:23
MSG-20251115-F6275489,ACSP,,2025-01-11T15:13:48
MSG-20251115-F656A02D,ACSP,,2025-01-02T11:16:52
MSG-20251115-504FAE3C,ACSP,,2025-01-14T14:28:14
MSG-20251115-6ECD553A,RJCT,AM05,2025-01-13T09:28:17
MSG-20251115-47565541,ACSP,,2025-01-15T11:22:50
MSG-20251115-31633242,ACSP,,2025-01-13T13:32:19
MSG-20251115-AE0314B4,ACSP,,2025-01-01T09:24:34
MSG-20251115-BD915AA7,ACSP,,2025-01-11T14:05:21
MSG-20251115-F24CEB01,RJCT,AM05,2025-01-15T15:47:12
MSG-20251115-19326D2E,ACSP,,2025-01-19T15:15:56
MSG-20251115-9F9B41AC,ACSP,,2025-01-17T11:50:12
MSG-20251115-0B87F868,ACSP,,2025-01-27T09:30:29
MSG-20251115-E1A153E9,ACSP,,2025-01-02T16:18:41
MSG-20251115-2969E46D,ACSP,,2025-01-21T13:22:43
MSG-20251115-060836B6,ACSP,,2025-01-03T15:52:55
MSG-20251115-1CDE06F5,ACSP,,2025-01-04T09:41:43
MSG-20251115-4DEE0914,ACSP,,2025-01-08T14:14:06
MSG-20251115-532278D3,ACSP,,2025-01-07T14:48:07
MSG-20251115-CA339C1A,ACSP,,2025-01-13T15:18:19
MSG-20251115-9145F4D9,RJCT,BE04,2025-01-26T14:00:45
MSG-20251115-E2F37D58,ACSP,,2025-01-23T13:59:53
MSG-20251115-F1B0DC37,ACSP,,2025-01-30T13:56:12
MSG-20251115-E11CF844,ACSP,,2025-01-17T09:31:02
MSG-20251115-4C1048E3,ACSP,,2025-01-24T16:47:12
MSG-20251115-C906ADFF,RJCT,AC01,2025-01-22T11:49:18
MSG-20251115-F3731FE8,RJCT,RC01,2025-01-16T10:14:34
MSG-20251115-1CE576EF,ACSP,,2025-01-24T11:03:15
MSG-20251115-6C42B592,ACSP,,2025-01-27T16:50:43
MSG-20251115-546F3672,ACSP,,2025-01-22T14:58:18
MSG-20251115-BCE994A2,ACSP,,2025-01-28T09:32:14
MSG-20251115-FDD2CB54,ACSP,,2025-01-04T10:45:16
MSG-20251115-093B94B7,ACSP,,2025-01-04T10:30:02
MSG-20251115-1BD3F035,ACSP,,2025-01-14T15:00:28
MSG-20251115-DEEE3105,ACSP,,2025-01-21T14:03:32
MSG-20251115-1744A4C6,ACSP,,2025-01-17T09:23:42
MSG-20251115-6AFF7182,ACSP,,2025-01-26T09:06:04
MSG-20251115-F089640C,ACSP,,2025-01-04T10:23:08
MSG-20251115-7D7A0CD1,RJCT,AM05,2025-01-07T13:21:54
MSG-20251115-EAF763F5,ACSP,,2025-01-05T09:24:23
MSG-20251115-46A04C37,ACSP,,2025-01-24T10:53:41
MSG-20251115-E8B839D4,ACSP,,2025-01-04T14:31:58
MSG-20251115-25BD98DC,ACSP,,2025-01-07T11:37:07
MSG-20251115-5430D1C8,ACSP,,2025-01-09T10:30:57
MSG-20251115-895B2445,RJCT,AC01,2025-01-21T10:21:05
MSG-20251115-FE405B33,ACSP,,2025-01-06T11:10:03
MSG-20251115-3305D844,ACSP,,2025-01-14T13:39:40
MSG-20251115-0D24CB98,ACSP,,2025-01-19T14:40:08
MSG-20251115-8CA0E6B4,ACSP,,2025-01-21T09:16:52
MSG-20251115-4F4AF380,ACSP,,2025-01-17T16:35:31
MSG-20251115-946AC1CA,ACSP,,2025-01-06T14:47:09
MSG-20251115-E58F8D22,ACSP,,2025-01-09T14:34:42
MSG-20251115-BE460059,RJCT,RC01,2025-01-10T13:25:23
MSG-20251115-917ED83C,ACSP,,2025-01-19T16:05:48
MSG-20251115-6576FAEC,ACSP,,2025-01-19T13:19:05
MSG-20251115-D3EA3F9C,ACSP,,2025-01-11T14:47:30
MSG-20251115-848C5177,ACSP,,2025-01-07T09:08:41
MSG-20251115-BDEE4039,ACSP,,2025-01-12T16:34:33
MSG-20251115-13AD5B8A,ACSP,,2025-01-02T15:40:17
MSG-20251115-AA2C7529,ACSP,,2025-01-24T15:12:53
MSG-20251115-16BA8A50,ACSP,,2025-01-29T10:17:49
MSG-20251115-772EC380,ACSP,,2025-01-01T15:35:37
MSG-20251115-93847C6C,ACSP,,2025-01-25T10:44:09
MSG-20251115-48FBE422,ACSP,,2025-01-01T11:10:09
MSG-20251115-7EA828E6,ACSP,,2025-01-27T10:10:27
MSG-20251115-5FD46745,ACSP,,2025-01-20T10:43:56
MSG-20251115-F92F2D61,ACSP,,2025-01-11T16:36:24
MSG-20251115-48EBBD75,ACSP,,2025-01-11T13:34:09
MSG-20251115-A322E8BD,ACSP,,2025-01-21T09:59:34
MSG-20251115-7ED21544,ACSP,,2025-01-10T15:22:54
MSG-20251115-3EA7B92F,ACSP,,2025-01-04T15:16:04
MSG-20251115-09673522,ACSP,,2025-01-19T11:00:31
MSG-20251115-271C7AA4,ACSP,,2025-01-08T11:26:31
MSG-20251115-2BBE32BF,ACSP,,2025-01-22T09:49:15
MSG-20251115-9881E668,ACSP,,2025-01-02T14:39:31
MSG-20251115-0372FD0B,ACSP,,2025-01-09T13:52:16
MSG-20251115-1C8FFE7D,ACSP,,2025-01-10T13:07:32
MSG-20251115-81E6D20F,ACSP,,2025-01-14T11:45:28
MSG-20251115-FC7DDE7A,ACSP,,2025-01-07T16:46:10
MSG-20251115-06B05ABF,ACSP,,2025-01-17T11:40:47
MSG-20251115-9C9C9817,ACSP,,2025-01-21T10:07:02
MSG-20251115-1C636E01,ACSP,,2025-01-23T11:12:12
MSG-20251115-023B8FDC,ACSP,,2025-01-21T13:07:09
MSG-20251115-B4935DC9,ACSP,,2025-01-10T09:19:38
MSG-20251115-72AD8A38,ACSP,,2025-01-29T10:39:49
MSG-20251115-49B9CBFF,ACSP,,2025-01-05T09:08:34
MSG-20251115-E66A9223,ACSP,,2025-01-02T10:34:42
MSG-20251115-598F8908,ACSP,,2025-01-13T11:42:49
MSG-20251115-110B5690,ACSP,,2025-01-06T15:41:14
MSG-20251115-211E6049,ACSP,,2025-01-20T09:28:32
MSG-20251115-77FA2DEB,ACSP,,2025-01-07T15:10:26
MSG-20251115-32723FEE,ACSP,,2025-01-07T09:35:22
MSG-20251115-30D59C34,ACSP,,2025-01-29T16:20:04
MSG-20251115-F21BF649,ACSP,,2025-01-05T14:00:06
MSG-20251115-B1DFE057,ACSP,,2025-01-21T16:53:27
MSG-20251115-9A149D56,ACSP,,2025-01-06T16:36:41
MSG-20251115-8FF9BA0B,ACSP,,2025-01-01T11:52:52
MSG-20251115-79AEE069,ACSP,,2025-01-21T13:29:27
MSG-20251115-D46BA7DD,ACSP,,2025-01-16T15:09:20
MSG-20251115-49BB94A7,ACSP,,2025-01-27T13:03:35
MSG-20251115-9FC06206,ACSP,,2025-01-28T09:01:31
MSG-20251115-2C146EBC,ACSP,,2025-01-26T16:23:33
MSG-20251115-BA25CD33,ACSP,,2025-01-24T15:45:30
MSG-20251115-1E9EE55E,ACSP,,2025-01-19T10:21:53
MSG-20251115-9ED5A7EB,ACSP,,2025-01-26T10:39:26
MSG-20251115-961E2D5B,ACSP,,2025-01-25T15:31:22
MSG-20251115-0C287ACC,ACSP,,2025-01-06T14:00:05
MSG-20251115-93638AB8,ACSP,,2025-01-17T10:41:11
MSG-20251115-39ED0439,ACSP,,2025-01-22T09:44:43
MSG-20251115-61A2078C,ACSP,,2025-01-12T09:55:48
MSG-20251115-1348738F,ACSP,,2025-01-19T11:45:17
MSG-20251115-82EC6642,ACSP,,2025-01-17T14:48:20
MSG-20251115-BCFFB8CE,ACSP,,2025-01-26T11:39:41
MSG-20251115-A6929CB6,ACSP,,2025-01-24T11:19:02
MSG-20251115-C65EED6A,ACSP,,2025-01-04T16:56:00
MSG-20251115-FE82990F,RJCT,AG01,2025-01-04T10:28:21
MSG-20251115-CD8D6C91,ACSP,,2025-01-20T14:34:14
MSG-20251115-6D07B74A,ACSP,,2025-01-13T15:24:20
MSG-20251115-D3D61D9A,ACSP,,2025-01-03T14:16:20
MSG-20251115-69CBA7A7,ACSP,,2025-01-28T13:33:24
MSG-20251115-06A7BDF1,ACSP,,2025-01-29T15:46:26
MSG-20251115-3505871B,ACSP,,2025-01-17T09:30:16
MSG-20251115-17639C8A,ACSP,,2025-01-22T14:50:44
MSG-20251115-9E45DA21,ACSP,,2025-01-15T13:21:51
MSG-20251115-97A088E4,ACSP,,2025-01-03T09:20:54
MSG-20251115-31B19D82,ACSP,,2025-01-06T16:03:46
MSG-20251115-5DCDB1B8,ACSP,,2025-01-01T16:55:45
MSG-20251115-87CE1AA3,ACSP,,2025-01-10T10:25:27
MSG-20251115-D682260B,ACSP,,2025-01-17T16:21:00
MSG-20251115-A32E01A3,ACSP,,2025-01-05T10:18:07
MSG-20251115-C9591CC3,ACSP,,2025-01-21T15:43:17
MSG-20251115-478A65E7,ACSP,,2025-01-28T15:00:54
MSG-20251115-A02D4369,ACSP,,2025-01-22T14:17:44
MSG-20251115-A2A0517B,ACSP,,2025-01-14T11:04:38
MSG-20251115-872AE7DF,ACSP,,2025-01-01T13:19:59
MSG-20251115-EF7E0DDF,ACSP,,2025-01-24T14:39:03
MSG-20251115-C476AC71,ACSP,,2025-01-22T16:40:46
MSG-20251115-F36517A5,RJCT,AM04,2025-01-16T14:54:18
MSG-20251115-93C95A36,ACSP,,2025-01-16T14:32:46
MSG-20251115-7035BB5F,ACSP,,2025-01-15T13:05:23
MSG-20251115-655C29A2,ACSP,,2025-01-21T13:54:43
MSG-20251115-4C61DE54,RJCT,BE04,2025-01-09T11:08:12
MSG-20251115-EE1D0630,ACSP,,2025-01-21T13:54:10
MSG-20251115-A8014BAA,ACSP,,2025-01-19T13:27:36
MSG-20251115-3BCFE97A,ACSP,,2025-01-29T14:55:08
MSG-20251115-019A7800,ACSP,,2025-01-08T13:26:45
MSG-20251115-962A76AD,ACSP,,2025-01-25T16:39:56
MSG-20251115-A86C3EDA,ACSP,,2025-01-01T14:15:51
MSG-20251115-F4D70F9C,RJCT,AC01,2025-01-02T13:32:13
MSG-20251115-01216C62,ACSP,,2025-01-06T09:46:58
MSG-20251115-EE779224,ACSP,,2025-01-25T16:46:02
MSG-20251115-8C086DEF,ACSP,,2025-01-25T10:48:28
MSG-20251115-346CFBB4,ACSP,,2025-01-26T09:52:06
MSG-20251115-E412B43C,ACSP,,2025-01-01T15:51:43
MSG-20251115-E4CCECDA,ACSP,,2025-01-10T14:07:29
MSG-20251115-B0867AFF,ACSP,,2025-01-04T09:47:31
MSG-20251115-93CA7F1E,ACSP,,2025-01-09T11:10:20
MSG-20251115-60C5661D,ACSP,,2025-01-02T13:17:45
MSG-20251115-976A73A4,ACSP,,2025-01-04T10:31:42
MSG-20251115-21C94F5E,ACSP,,2025-01-25T09:47:26
MSG-20251115-C683E22B,ACSP,,2025-01-08T16:21:17
MSG-20251115-0A514203,ACSP,,2025-01-20T15:55:27
MSG-20251115-A4D2663A,ACSP,,2025-01-17T09:54:59
MSG-20251115-10C04691,ACSP,,2025-01-09T14:57:38
MSG-20251115-19184335,RJCT,AM04,2025-01-04T13:13:12
MSG-20251115-37D8CEFB,ACSP,,2025-01-05T16:05:45
MSG-20251115-E4322582,ACSP,,2025-01-17T15:08:38
MSG-20251115-6DDF5593,ACSP,,2025-01-01T16:18:31
MSG-20251115-4B4C4DEE,ACSP,,2025-01-29T14:55:18
MSG-20251115-878D1EDE,ACSP,,2025-01-13T16:21:36
MSG-20251115-E62D0811,ACSP,,2025-01-04T13:04:38
MSG-20251115-DF8EF158,ACSP,,2025-01-16T09:16:57
MSG-20251115-DF0AD45C,ACSP,,2025-01-12T15:08:48
MSG-20251115-54CA5FEE,ACSP,,2025-01-21T15:29:10
MSG-20251115-E64642C2,ACSP,,2025-01-18T11:45:51
MSG-20251115-EDC8BDC3,ACSP,,2025-01-04T13:21:32
MSG-20251115-FB62AFA7,ACSP,,2025-01-18T11:58:18
MSG-20251115-35FD7847,ACSP,,2025-01-13T10:08:53
MSG-20251115-A61256D1,ACSP,,2025-01-02T16:54:35
MSG-20251115-7B101DC7,ACSP,,2025-01-27T11:34:58
MSG-20251115-35A9C460,ACSP,,2025-01-11T09:55:07
MSG-20251115-F5B34077,ACSP,,2025-01-26T16:24:52
MSG-20251115-37B80915,ACSP,,2025-01-23T13:32:31
MSG-20251115-83A70D21,ACSP,,2025-01-09T15:40:07
MSG-20251115-DB0ED32C,ACSP,,2025-01-14T09:26:35
MSG-20251115-7ADD8EC2,ACSP,,2025-01-18T14:08:51
MSG-20251115-DDEF25CB,ACSP,,2025-01-15T10:15:40
MSG-20251115-7A9E3BCC,ACSP,,2025-01-19T09:09:39
MSG-20251115-2C4BE78C,ACSP,,2025-01-06T15:24:37
MSG-20251115-47C561F6,ACSP,,2025-01-25T14:04:12
MSG-20251115-509AEAF1,RJCT,BE04,2025-01-01T14:38:41
MSG-20251115-DD766401,ACSP,,2025-01-10T16:08:30
MSG-20251115-99F300FF,ACSP,,2025-01-02T13:56:35
MSG-20251115-0CE59768,RJCT,AM04,2025-01-05T14:38:12
MSG-20251115-0736734B,RJCT,AM04,2025-01-26T15:34:16
MSG-20251115-EC8D5D52,ACSP,,2025-01-30T15:21:07
MSG-20251115-3BDD4D5A,ACSP,,2025-01-24T10:59:58
MSG-20251115-AF52FE4B,ACSP,,2025-01-23T15:19:59
MSG-20251115-5EECA3CB,ACSP,,2025-01-28T16:46:38
MSG-20251115-94F1EE27,ACSP,,2025-01-28T13:09:00
MSG-20251115-9D4E6CB1,ACSP,,2025-01-25T13:19:06
MSG-20251115-05750D86,ACSP,,2025-01-04T09:11:25
MSG-20251115-850978EC,ACSP,,2025-01-12T09:09:21
MSG-20251115-D583642B,ACSP,,2025-01-16T15:44:27
MSG-20251115-918820F3,ACSP,,2025-01-25T14:33:30
MSG-20251115-719048D6,RJCT,AC01,2025-01-23T11:14:49
MSG-20251115-40D645C7,ACSP,,2025-01-17T16:41:33
MSG-20251115-A45C23AE,ACSP,,2025-01-01T16:25:55
MSG-20251115-26CAEBC5,ACSP,,2025-01-07T13:43:05
MSG-20251115-1170ECED,ACSP,,2025-01-07T15:33:58
MSG-20251115-B356BD11,ACSP,,2025-01-01T11:12:31
MSG-20251115-80A84FDD,ACSP,,2025-01-08T09:45:32
MSG-20251115-455582E2,ACSP,,2025-01-15T14:58:04
MSG-20251115-EF771EBB,ACSP,,2025-01-03T13:21:18
MSG-20251115-A637FB6D,ACSP,,2025-01-22T11:41:29
MSG-20251115-6C27E5C4,ACSP,,2025-01-20T09:32:18
MSG-20251115-C354FC7A,ACSP,,2025-01-28T16:51:29
MSG-20251115-56AC208B,ACSP,,2025-01-06T16:40:47
MSG-20251115-D4460AD5,ACSP,,2025-01-08T16:05:26
MSG-20251115-4E864655,ACSP,,2025-01-12T14:53:58
MSG-20251115-9FA459F7,ACSP,,2025-01-26T14:59:02
MSG-20251115-862E2E1F,ACSP,,2025-01-06T15:50:18
MSG-20251115-5C9A1640,ACSP,,2025-01-17T13:37:22
MSG-20251115-6B71C504,ACSP,,2025-01-11T11:46:56
MSG-20251115-8BC4D80F,ACSP,,2025-01-10T11:03:06
MSG-20251115-899C1442,ACSP,,2025-01-20T11:46:18
MSG-20251115-CC67AEE7,ACSP,,2025-01-04T10:08:36
MSG-20251115-F9E7A74D,RJCT,AC01,2025-01-25T13:22:08
MSG-20251115-F3E261A9,ACSP,,2025-01-29T14:17:53
MSG-20251115-4E66FD6B,ACSP,,2025-01-14T16:00:19
MSG-20251115-A507B547,ACSP,,2025-01-19T10:50:19
MSG-20251115-4DDFFFB1,ACSP,,2025-01-25T09:03:51
MSG-20251115-89E6FE47,ACSP,,2025-01-03T10:30:52
MSG-20251115-C888BF52,ACSP,,2025-01-07T14:32:35
MSG-20251115-80A50484,ACSP,,2025-01-14T13:18:17
MSG-20251115-03D92F4B,ACSP,,2025-01-18T09:18:33
MSG-20251115-7F649922,ACSP,,2025-01-12T09:54:57
MSG-20251115-27E931E3,ACSP,,2025-01-29T13:40:30
MSG-20251115-E002B718,ACSP,,2025-01-16T16:23:28
MSG-20251115-727EA38F,ACSP,,2025-01-03T16:58:29
MSG-20251115-1472C6BF,ACSP,,2025-01-22T10:59:08
MSG-20251115-53B17D6A,ACSP,,2025-01-05T13:20:59
MSG-20251115-DF18352D,ACSP,,2025-01-19T10:53:51
MSG-20251115-A11EE944,ACSP,,2025-01-14T13:41:41
MSG-20251115-AE318FD5,ACSP,,2025-01-27T13:27:56
MSG-20251115-FAB5309A,ACSP,,2025-01-24T10:18:25
MSG-20251115-8BE04811,ACSP,,2025-01-24T14:54:44
MSG-20251115-0E8AC102,ACSP,,2025-01-04T15:18:59
MSG-20251115-840212BB,ACSP,,2025-01-24T10:05:25
MSG-20251115-B17398FA,ACSP,,2025-01-18T14:05:39
MSG-20251115-D120D55C,ACSP,,2025-01-06T15:05:37
MSG-20251115-17EE21F2,ACSP,,2025-01-24T11:17:32
MSG-20251115-6CEC4C6D,ACSP,,2025-01-25T10:49:32
MSG-20251115-A96FF8FC,ACSP,,2025-01-29T16:42:58
MSG-20251115-BB13F46B,ACSP,,2025-01-14T16:48:34
MSG-20251115-6C0B2492,ACSP,,2025-01-23T16:39:26
MSG-20251115-4A0D3FCF,ACSP,,2025-01-19T15:01:53
MSG-20251115-FD9DF3E6,ACSP,,2025-01-22T13:00:34
MSG-20251115-A8869754,ACSP,,2025-01-15T15:33:17
MSG-20251115-314B3472,ACSP,,2025-01-21T13:26:06
MSG-20251115-12A0BBF9,ACSP,,2025-01-29T09:27:44
MSG-20251115-A46B5E1E,ACSP,,2025-01-30T15:56:10
MSG-20251115-7F464695,ACSP,,2025-01-24T14:26:23
MSG-20251115-ADF73AFF,ACSP,,2025-01-05T09:34:14
MSG-20251115-BB8C5E9F,ACSP,,2025-01-10T11:22:00
MSG-20251115-A21600EC,ACSP,,2025-01-17T16:40:35
MSG-20251115-EF4935B2,ACSP,,2025-01-10T13:19:03
MSG-20251115-E5A10915,ACSP,,2025-01-14T10:11:43
MSG-20251115-E910C48C,ACSP,,2025-01-26T13:18:54
MSG-20251115-69707C99,ACSP,,2025-01-14T15:29:36
MSG-20251115-20FF4061,ACSP,,2025-01-08T09:13:17
MSG-20251115-646891C2,ACSP,,2025-01-08T15:01:32
MSG-20251115-4A8F4DB3,ACSP,,2025-01-12T11:34:21
MSG-20251115-C81E7B95,ACSP,,2025-01-05T13:20:05
MSG-20251115-0901D291,ACSP,,2025-01-09T16:28:20
MSG-20251115-5BAC93E6,ACSP,,2025-01-11T09:30:56
MSG-20251115-E1B0DC50,ACSP,,2025-01-22T16:22:34
MSG-20251115-D22E97B4,ACSP,,2025-01-26T15:37:04
MSG-20251115-13BE5D5F,ACSP,,2025-01-03T14:44:40
MSG-20251115-998885BB,ACSP,,2025-01-23T09:41:07
MSG-20251115-5EFDFEDC,ACSP,,2025-01-28T14:41:18
MSG-20251115-9724EE1F,ACSP,,2025-01-26T13:36:44
MSG-20251115-FFDE17BC,ACSP,,2025-01-16T10:31:19
MSG-20251115-5325D292,ACSP,,2025-01-27T09:09:09
MSG-20251115-3941DDA0,ACSP,,2025-01-28T13:50:36
MSG-20251115-36882C20,ACSP,,2025-01-06T09:09:05
MSG-20251115-E4F8C104,ACSP,,2025-01-29T11:50:02
MSG-20251115-BE6C1081,RJCT,AM04,2025-01-05T09:06:36
MSG-20251115-3DDB774D,ACSP,,2025-01-22T11:02:35
MSG-20251115-67E919B1,ACSP,,2025-01-05T11:16:45
MSG-20251115-CA4C31C9,ACSP,,2025-01-02T13:33:52
MSG-20251115-4849C815,ACSP,,2025-01-29T16:04:26
MSG-20251115-E3C45F4E,ACSP,,2025-01-16T11:25:23
MSG-20251115-1200C4A2,ACSP,,2025-01-28T10:43:51
MSG-20251115-12D479A8,ACSP,,2025-01-10T15:13:56
MSG-20251115-7936AE55,ACSP,,2025-01-04T13:38:19
MSG-20251115-D308EB69,ACSP,,2025-01-30T16:51:57
MSG-20251115-E39A3902,ACSP,,2025-01-12T11:17:53
MSG-20251115-E41404C3,RJCT,AC01,2025-01-16T16:23:22
MSG-20251115-E268557D,ACSP,,2025-01-04T16:26:37
MSG-20251115-A84F42BF,ACSP,,2025-01-26T15:39:32
MSG-20251115-BEF9CAC2,ACSP,,2025-01-27T16:04:58
MSG-20251115-C2427822,RJCT,BE04,2025-01-27T15:15:23
MSG-20251115-198B55F9,ACSP,,2025-01-20T15:50:40
MSG-20251115-F4FA9AF2,ACSP,,2025-01-07T16:48:23
MSG-20251115-BB758F60,ACSP,,2025-01-30T09:47:06
MSG-20251115-14E13522,RJCT,AG01,2025-01-19T13:53:52
MSG-20251115-7905BDD6,ACSP,,2025-01-03T15:50:46
MSG-20251115-F9D599D3,ACSP,,2025-01-27T13:26:46
MSG-20251115-F552002A,ACSP,,2025-01-27T11:13:16
MSG-20251115-025B45F8,ACSP,,2025-01-09T16:56:30
MSG-20251115-0C7737A5,ACSP,,2025-01-23T15:48:31
MSG-20251115-06FDD39D,ACSP,,2025-01-13T13:34:18
MSG-20251115-D1B40C8C,ACSP,,2025-01-30T10:22:01
MSG-20251115-70198DFC,ACSP,,2025-01-18T15:25:44
MSG-20251115-84EFB291,ACSP,,2025-01-22T14:14:45
MSG-20251115-9CF6AE5E,ACSP,,2025-01-30T14:22:46
MSG-20251115-0757759F,ACSP,,2025-01-06T10:45:08
MSG-20251115-2D2462D1,ACSP,,2025-01-26T14:43:34
MSG-20251115-A7A98485,ACSP,,2025-01-21T15:52:08
MSG-20251115-2C78A138,ACSP,,2025-01-11T11:51:11
MSG-20251115-3986732E,ACSP,,2025-01-07T11:51:38
MSG-20251115-28C37FC4,ACSP,,2025-01-19T13:26:34
MSG-20251115-D627C60E,ACSP,,2025-01-01T09:53:49
MSG-20251115-03F7DCE3,ACSP,,2025-01-05T16:39:01
MSG-20251115-06B18845,ACSP,,2025-01-01T10:10:58
MSG-20251115-FD16A50D,ACSP,,2025-01-12T14:40:09
MSG-20251115-14F203D9,ACSP,,2025-01-08T14:27:16
MSG-20251115-6DF3FE82,ACSP,,2025-01-10T16:04:09
MSG-20251115-E6330961,ACSP,,2025-01-05T16:40:28
MSG-20251115-E3309593,ACSP,,2025-01-21T15:10:13
MSG-20251115-40788F92,ACSP,,2025-01-03T13:46:13
MSG-20251115-0DDC6D6E,RJCT,BE04,2025-01-15T15:29:48
MSG-20251115-B5A3ADF9,ACSP,,2025-01-22T13:20:23
MSG-20251115-B28A2B5E,ACSP,,2025-01-15T10:10:40
MSG-20251115-6B945FA3,ACSP,,2025-01-23T10:15:28
MSG-20251115-6D5CCCF5,RJCT,AC01,2025-01-07T10:28:09
MSG-20251115-682035E9,ACSP,,2025-01-17T11:23:02
MSG-20251115-8C60217D,ACSP,,2025-01-19T14:54:17
MSG-20251115-B05C6FAC,ACSP,,2025-01-26T15:09:55
MSG-20251115-4DD4C60B,RJCT,AM04,2025-01-21T11:49:05
MSG-20251115-3EA46FD2,ACSP,,2025-01-24T13:18:35
MSG-20251115-75142B12,ACSP,,2025-01-21T11:59:58
MSG-20251115-14F6D015,ACSP,,2025-01-30T11:41:05
MSG-20251115-A8E13FC2,ACSP,,2025-01-06T10:55:43
MSG-20251115-D95C444F,ACSP,,2025-01-09T11:41:21
MSG-20251115-E30C10A7,ACSP,,2025-01-20T13:22:19
MSG-20251115-00993949,ACSP,,2025-01-28T10:37:01
MSG-20251115-72A65CFB,RJCT,AC01,2025-01-04T14:39:36
MSG-20251115-77DDCB18,ACSP,,2025-01-21T15:54:09
MSG-20251115-008E31DF,ACSP,,2025-01-25T13:59:51
MSG-20251115-564BA176,ACSP,,2025-01-07T09:34:24
MSG-20251115-FDE9D136,ACSP,,2025-01-19T09:24:53
MSG-20251115-9BA5BC54,ACSP,,2025-01-21T15:46:54
MSG-20251115-7C7202DA,ACSP,,2025-01-06T14:03:18
MSG-20251115-7A05A574,ACSP,,2025-01-06T09:57:08
MSG-20251115-621E388C,ACSP,,2025-01-04T13:53:02
MSG-20251115-9E677406,ACSP,,2025-01-01T13:00:41
MSG-20251115-A5AF9E46,ACSP,,2025-01-15T14:59:32
MSG-20251115-4213FE16,ACSP,,2025-01-17T16:17:46
MSG-20251115-CB30F35B,ACSP,,2025-01-30T09:21:26
MSG-20251115-C73CA68E,RJCT,AB05,2025-01-15T13:04:07
MSG-20251115-ECEED789,ACSP,,2025-01-18T16:02:16
MSG-20251115-2C87A896,ACSP,,2025-01-10T13:48:45
MSG-20251115-318200F1,ACSP,,2025-01-13T13:46:33
MSG-20251115-F522FE42,ACSP,,2025-01-09T13:05:15
MSG-20251115-9417FEF1,ACSP,,2025-01-23T14:26:24
MSG-20251115-E41FE73A,ACSP,,2025-01-03T16:07:38
MSG-20251115-7CF09564,ACSP,,2025-01-17T13:15:01
MSG-20251115-DF74D610,ACSP,,2025-01-13T14:34:35
MSG-20251115-5A6A1057,ACSP,,2025-01-24T16:41:05
MSG-20251115-61894E12,ACSP,,2025-01-28T11:51:47
MSG-20251115-01E62950,ACSP,,2025-01-06T09:41:59
MSG-20251115-636BDC3D,ACSP,,2025-01-21T15:01:53
MSG-20251115-D2850FB6,ACSP,,2025-01-25T09:04:10
MSG-20251115-FAF39EA8,ACSP,,2025-01-17T11:34:17
MSG-20251115-8B95D79E,ACSP,,2025-01-02T16:53:28
MSG-20251115-862C5D8D,ACSP,,2025-01-24T09:38:20
MSG-20251115-187EB8B0,ACSP,,2025-01-22T11:56:48
MSG-20251115-4B3FF772,ACSP,,2025-01-23T09:05:54
MSG-20251115-8DB0F61E,RJCT,AM05,2025-01-30T13:09:30
MSG-20251115-FF28EF7A,RJCT,AC01,2025-01-01T11:07:32
MSG-20251115-96715705,ACSP,,2025-01-14T16:58:05
MSG-20251115-AD4F54C5,RJCT,RC01,2025-01-01T16:20:55
MSG-20251115-FC95236E,ACSP,,2025-01-28T14:54:51
MSG-20251115-C3463B81,ACSP,,2025-01-18T11:55:37
MSG-20251115-02A315C6,ACSP,,2025-01-06T15:54:09
MSG-20251115-F526FAE6,ACSP,,2025-01-21T11:37:16
MSG-20251115-2B1DCD67,ACSP,,2025-01-04T15:57:56
MSG-20251115-6419FBDB,RJCT,AM04,2025-01-15T14:28:35
MSG-20251115-18F1AFB2,ACSP,,2025-01-04T14:02:53
MSG-20251115-9C035CA9,ACSP,,2025-01-11T09:33:11
MSG-20251115-F8788A1A,ACSP,,2025-01-09T13:24:02
MSG-20251115-C758E3EE,ACSP,,2025-01-15T13:09:33
MSG-20251115-3C06D8C7,ACSP,,2025-01-21T10:44:02
MSG-20251115-ADDC246F,ACSP,,2025-01-12T13:34:17
MSG-20251115-0EC6876B,ACSP,,2025-01-21T13:23:14
MSG-20251115-0DCCA15E,ACSP,,2025-01-01T15:41:53
MSG-20251115-0361392C,RJCT,AC01,2025-01-25T14:19:48
MSG-20251115-C6FB00E4,ACSP,,2025-01-19T10:16:03
MSG-20251115-90B4114D,ACSP,,2025-01-20T09:38:03
MSG-20251115-83CECCCA,ACSP,,2025-01-26T16:32:22
